,FORD
0,https://www.carjunction.com/car-detail/toyota-harrier-2000-72160.html
1,https://www.carjunction.com/car-detail/toyota-dyna-2014-72194.html
2,https://www.carjunction.com/car-detail/toyota-harrier-1999-72402.html
3,https://www.carjunction.com/car-detail/toyota-ractis-2007-73259.html
4,https://www.carjunction.com/car-detail/toyota-hilux-1995-75458.html
5,https://www.carjunction.com/car-detail/toyota-corolla-2002-76180.html
6,https://www.carjunction.com/car-detail/toyota-regius-2015-76272.html
7,https://www.carjunction.com/car-detail/toyota-prius-hybrid-2011-77101.html
8,https://www.carjunction.com/car-detail/toyota-hilux-revo-rocco-2019-77765.html
9,https://www.carjunction.com/car-detail/toyota-fortuner-2012-77890.html
10,https://www.carjunction.com/car-detail/toyota-fortuner-2016-77891.html
11,https://www.carjunction.com/car-detail/toyota-coaster-2020-78024.html
12,https://www.carjunction.com/car-detail/toyota-hiace-2020-78063.html
13,https://www.carjunction.com/car-detail/toyota-hiace-2020-78064.html
14,https://www.carjunction.com/car-detail/toyota-hiace-commuter-2020-78065.html
15,https://www.carjunction.com/car-detail/toyota-hilux-revo-rocco-2019-78923.html
16,https://www.carjunction.com/car-detail/toyota-hilux-revo-2016-80321.html
17,https://www.carjunction.com/car-detail/toyota-prius-hybrid-2009-80511.html
18,https://www.carjunction.com/car-detail/toyota-hilux-vigo-2014-80526.html
19,https://www.carjunction.com/car-detail/toyota-corolla-axio-2009-80536.html
20,https://www.carjunction.com/car-detail/toyota-hiace-2001-80986.html
21,https://www.carjunction.com/car-detail/toyota-townace-1990-81092.html
22,https://www.carjunction.com/car-detail/toyota-liteace-1992-81095.html
23,https://www.carjunction.com/car-detail/toyota-coaster-1999-81165.html
24,https://www.carjunction.com/car-detail/toyota-prius-hybrid-2005-81219.html
25,https://www.carjunction.com/car-detail/toyota-hilux-revo-2018-81259.html
26,https://www.carjunction.com/car-detail/toyota-fortuner-2008-81341.html
27,https://www.carjunction.com/car-detail/toyota-harrier-2001-81554.html
28,https://www.carjunction.com/car-detail/toyota-hilux-vigo-2008-81598.html
29,https://www.carjunction.com/car-detail/toyota-hilux-vigo-2012-81600.html
30,https://www.carjunction.com/car-detail/toyota-ventury-2015-81656.html
31,https://www.carjunction.com/car-detail/toyota-ventury-2013-81657.html
32,https://www.carjunction.com/car-detail/toyota-fortuner-2015-81692.html
33,https://www.carjunction.com/car-detail/toyota-hilux-revo-2018-81694.html
34,https://www.carjunction.com/car-detail/toyota-aqua-2016-81931.html
35,https://www.carjunction.com/car-detail/toyota-majesty-2020-82023.html
36,https://www.carjunction.com/car-detail/toyota-hilux-revo-2018-82085.html
37,https://www.carjunction.com/car-detail/toyota-raize-2020-82524.html
38,https://www.carjunction.com/car-detail/toyota-majesty-2020-82778.html
39,https://www.carjunction.com/car-detail/toyota-vitz-2011-83034.html
40,https://www.carjunction.com/car-detail/toyota-ventury-2015-83181.html
41,https://www.carjunction.com/car-detail/toyota-hilux-vigo-2011-83243.html
42,https://www.carjunction.com/car-detail/toyota-hilux-vigo-2014-83280.html
43,https://www.carjunction.com/car-detail/toyota-hilux-vigo-2012-83282.html
44,https://www.carjunction.com/car-detail/toyota-hilux-revo-2018-83330.html
45,https://www.carjunction.com/car-detail/toyota-hilux-vigo-2005-83441.html
46,https://www.carjunction.com/car-detail/toyota-hilux-revo-rocco-2019-83444.html
47,https://www.carjunction.com/car-detail/toyota-hilux-vigo-2015-83445.html
48,https://www.carjunction.com/car-detail/toyota-hilux-vigo-2014-83446.html
49,https://www.carjunction.com/car-detail/toyota-hilux-revo-2017-83492.html
50,https://www.carjunction.com/car-detail/toyota-hilux-revo-2017-83494.html
51,https://www.carjunction.com/car-detail/toyota-hilux-vigo-2011-84168.html
52,https://www.carjunction.com/car-detail/toyota-hiace-2005-84378.html
53,https://www.carjunction.com/car-detail/toyota-raize-2020-84439.html
54,https://www.carjunction.com/car-detail/toyota-camry-hybrid-2019-84490.html
55,https://www.carjunction.com/car-detail/toyota-corolla-axio-2007-84504.html
56,https://www.carjunction.com/car-detail/toyota-corolla-axio-2008-84636.html
57,https://www.carjunction.com/car-detail/toyota-land-cruiser-2018-84954.html
58,https://www.carjunction.com/car-detail/toyota-prius-hybrid-2019-84958.html
59,https://www.carjunction.com/car-detail/toyota-vellfire-2019-84965.html
60,https://www.carjunction.com/car-detail/toyota-prius-alpha-2019-84969.html
61,https://www.carjunction.com/car-detail/toyota-prius-alpha-2019-85104.html
62,https://www.carjunction.com/car-detail/toyota-rav4-2020-85254.html
63,https://www.carjunction.com/car-detail/toyota-land-cruiser-2020-85975.html
64,https://www.carjunction.com/car-detail/toyota-vellfire-hybrid-2019-86258.html
65,https://www.carjunction.com/car-detail/toyota-hilux-vigo-2007-86356.html
66,https://www.carjunction.com/car-detail/toyota-hilux-vigo-2014-86357.html
67,https://www.carjunction.com/car-detail/toyota-hilux-vigo-2010-86370.html
68,https://www.carjunction.com/car-detail/toyota-fortuner-2007-86383.html
69,https://www.carjunction.com/car-detail/toyota-land-cruiser-2020-86739.html
70,https://www.carjunction.com/car-detail/toyota-land-cruiser-2020-86740.html
71,https://www.carjunction.com/car-detail/toyota-harrier-2020-87135.html
72,https://www.carjunction.com/car-detail/toyota-harrier-2020-87136.html
73,https://www.carjunction.com/car-detail/toyota-land-cruiser-2020-87188.html
74,https://www.carjunction.com/car-detail/toyota-prius-hybrid-2020-87210.html
75,https://www.carjunction.com/car-detail/toyota-prius-hybrid-2019-87211.html
76,https://www.carjunction.com/car-detail/toyota-voxy-2014-87498.html
77,https://www.carjunction.com/car-detail/toyota-hilux-revo-rocco-2021-87739.html
78,https://www.carjunction.com/car-detail/toyota-hilux-revo-rocco-2021-87740.html
79,https://www.carjunction.com/car-detail/toyota-hilux-revo-rocco-2021-87741.html
80,https://www.carjunction.com/car-detail/toyota-hilux-revo-rocco-2021-87742.html
81,https://www.carjunction.com/car-detail/toyota-hilux-revo-2021-87743.html
82,https://www.carjunction.com/car-detail/toyota-hilux-revo-2021-87744.html
83,https://www.carjunction.com/car-detail/toyota-hilux-revo-2021-87745.html
84,https://www.carjunction.com/car-detail/toyota-hilux-revo-2021-87746.html
85,https://www.carjunction.com/car-detail/toyota-hilux-revo-2021-87759.html
86,https://www.carjunction.com/car-detail/toyota-hilux-revo-2021-87764.html
87,https://www.carjunction.com/car-detail/toyota-hilux-revo-2021-87765.html
88,https://www.carjunction.com/car-detail/toyota-hilux-revo-2021-87768.html
89,https://www.carjunction.com/car-detail/toyota-hilux-revo-2021-87769.html
90,https://www.carjunction.com/car-detail/toyota-hilux-revo-2021-87770.html
91,https://www.carjunction.com/car-detail/toyota-hilux-revo-2021-87771.html
92,https://www.carjunction.com/car-detail/toyota-hilux-revo-2021-87772.html
93,https://www.carjunction.com/car-detail/toyota-hilux-revo-2021-87776.html
94,https://www.carjunction.com/car-detail/toyota-hilux-revo-2021-87777.html
95,https://www.carjunction.com/car-detail/toyota-fortuner-2021-87779.html
96,https://www.carjunction.com/car-detail/toyota-fortuner-2021-87780.html
97,https://www.carjunction.com/car-detail/toyota-fortuner-2021-87784.html
98,https://www.carjunction.com/car-detail/toyota-hilux-revo-2021-87791.html
99,https://www.carjunction.com/car-detail/toyota-hilux-revo-2021-87792.html
100,https://www.carjunction.com/car-detail/toyota-hilux-revo-2021-87795.html
101,https://www.carjunction.com/car-detail/toyota-hilux-revo-2021-87796.html
102,https://www.carjunction.com/car-detail/toyota-hilux-revo-2021-87798.html
103,https://www.carjunction.com/car-detail/toyota-hilux-revo-2021-87799.html
104,https://www.carjunction.com/car-detail/toyota-hilux-revo-2021-87800.html
105,https://www.carjunction.com/car-detail/toyota-hilux-revo-2021-87808.html
106,https://www.carjunction.com/car-detail/toyota-hilux-revo-2021-87818.html
107,https://www.carjunction.com/car-detail/toyota-hilux-revo-2021-87819.html
108,https://www.carjunction.com/car-detail/toyota-hilux-revo-2021-87820.html
109,https://www.carjunction.com/car-detail/toyota-hilux-revo-2021-87866.html
110,https://www.carjunction.com/car-detail/toyota-hilux-revo-2021-87867.html
111,https://www.carjunction.com/car-detail/toyota-hilux-revo-2021-87882.html
112,https://www.carjunction.com/car-detail/toyota-hilux-revo-2021-87883.html
113,https://www.carjunction.com/car-detail/toyota-hiace-2011-88022.html
114,https://www.carjunction.com/car-detail/toyota-hiace-2010-88023.html
115,https://www.carjunction.com/car-detail/toyota-noah-2011-88038.html
116,https://www.carjunction.com/car-detail/toyota-hilux-revo-2021-88050.html
117,https://www.carjunction.com/car-detail/toyota-hilux-revo-2021-88051.html
118,https://www.carjunction.com/car-detail/toyota-noah-2014-88099.html
119,https://www.carjunction.com/car-detail/toyota-hilux-revo-rocco-2018-88524.html
120,https://www.carjunction.com/car-detail/toyota-hilux-revo-2015-88525.html
121,https://www.carjunction.com/car-detail/toyota-prius-hybrid-2005-88565.html
122,https://www.carjunction.com/car-detail/toyota-corolla-axio-2015-88624.html
123,https://www.carjunction.com/car-detail/toyota-harrier-2020-88669.html
124,https://www.carjunction.com/car-detail/toyota-harrier-hybrid-2020-88670.html
125,https://www.carjunction.com/car-detail/toyota-land-cruiser-prado-2019-88710.html
126,https://www.carjunction.com/car-detail/toyota-hilux-revo-2015-88742.html
127,https://www.carjunction.com/car-detail/toyota-hilux-revo-2016-88743.html
128,https://www.carjunction.com/car-detail/toyota-hilux-2017-88749.html
129,https://www.carjunction.com/car-detail/toyota-coaster-2019-88751.html
130,https://www.carjunction.com/car-detail/toyota-esquire-2018-88884.html
131,https://www.carjunction.com/car-detail/toyota-hilux-revo-2016-88966.html
132,https://www.carjunction.com/car-detail/toyota-land-cruiser-prado-2019-89051.html
133,https://www.carjunction.com/car-detail/toyota-rav4-2019-89237.html
134,https://www.carjunction.com/car-detail/toyota-harrier-hybrid-2020-89336.html
135,https://www.carjunction.com/car-detail/toyota-voxy-2012-89518.html
136,https://www.carjunction.com/car-detail/toyota-hilux-revo-2015-89568.html
137,https://www.carjunction.com/car-detail/toyota-hilux-revo-2017-89617.html
138,https://www.carjunction.com/car-detail/toyota-yaris-cross-2020-89623.html
139,https://www.carjunction.com/car-detail/toyota-yaris-cross-2020-89624.html
140,https://www.carjunction.com/car-detail/toyota-yaris-cross-2020-89625.html
141,https://www.carjunction.com/car-detail/toyota-yaris-cross-2020-89626.html
142,https://www.carjunction.com/car-detail/toyota-yaris-cross-2020-89627.html
143,https://www.carjunction.com/car-detail/toyota-yaris-cross-2020-89628.html
144,https://www.carjunction.com/car-detail/toyota-land-cruiser-prado-2019-89723.html
145,https://www.carjunction.com/car-detail/toyota-corolla-axio-2015-89732.html
146,https://www.carjunction.com/car-detail/toyota-rav4-2019-89734.html
147,https://www.carjunction.com/car-detail/toyota-rav4-2019-89735.html
148,https://www.carjunction.com/car-detail/toyota-land-cruiser-prado-2019-89747.html
149,https://www.carjunction.com/car-detail/toyota-land-cruiser-prado-2020-89748.html
150,https://www.carjunction.com/car-detail/toyota-land-cruiser-prado-2020-89749.html
151,https://www.carjunction.com/car-detail/toyota-land-cruiser-prado-2019-89750.html
152,https://www.carjunction.com/car-detail/toyota-land-cruiser-prado-2020-89751.html
153,https://www.carjunction.com/car-detail/toyota-land-cruiser-prado-2019-89752.html
154,https://www.carjunction.com/car-detail/toyota-land-cruiser-prado-2020-89753.html
155,https://www.carjunction.com/car-detail/toyota-land-cruiser-prado-2019-89754.html
156,https://www.carjunction.com/car-detail/toyota-land-cruiser-prado-2019-89759.html
157,https://www.carjunction.com/car-detail/toyota-land-cruiser-prado-2019-89760.html
158,https://www.carjunction.com/car-detail/toyota-land-cruiser-prado-2019-89761.html
159,https://www.carjunction.com/car-detail/toyota-land-cruiser-2019-89762.html
160,https://www.carjunction.com/car-detail/toyota-land-cruiser-2018-89764.html
161,https://www.carjunction.com/car-detail/toyota-hilux-revo-rocco-2020-89831.html
162,https://www.carjunction.com/car-detail/toyota-land-cruiser-2013-89845.html
163,https://www.carjunction.com/car-detail/toyota-hiace-2005-89864.html
164,https://www.carjunction.com/car-detail/toyota-hiace-2015-89878.html
165,https://www.carjunction.com/car-detail/toyota-dyna-2007-89893.html
166,https://www.carjunction.com/car-detail/toyota-voxy-2011-89901.html
167,https://www.carjunction.com/car-detail/toyota-mark-ii-2003-89902.html
168,https://www.carjunction.com/car-detail/toyota-allex-2006-89910.html
169,https://www.carjunction.com/car-detail/toyota-land-cruiser-prado-2020-89935.html
170,https://www.carjunction.com/car-detail/toyota-noah-2015-89963.html
171,https://www.carjunction.com/car-detail/toyota-noah-2015-89965.html
172,https://www.carjunction.com/car-detail/toyota-noah-2014-89966.html
173,https://www.carjunction.com/car-detail/toyota-voxy-hybrid-2015-89974.html
174,https://www.carjunction.com/car-detail/toyota-voxy-2015-89976.html
175,https://www.carjunction.com/car-detail/toyota-voxy-2015-89977.html
176,https://www.carjunction.com/car-detail/toyota-belta-2007-89978.html
177,https://www.carjunction.com/car-detail/toyota-passo-2007-89980.html
178,https://www.carjunction.com/car-detail/toyota-corolla-fielder-2007-89981.html
179,https://www.carjunction.com/car-detail/toyota-sienta-2007-89985.html
180,https://www.carjunction.com/car-detail/toyota-sienta-2007-89986.html
181,https://www.carjunction.com/car-detail/toyota-aqua-2017-89990.html
182,https://www.carjunction.com/car-detail/toyota-vitz-2017-90026.html
183,https://www.carjunction.com/car-detail/toyota-ist-2004-90065.html
184,https://www.carjunction.com/car-detail/toyota-passo-sette-2009-90067.html
185,https://www.carjunction.com/car-detail/toyota-land-cruiser-prado-2004-90070.html
186,https://www.carjunction.com/car-detail/toyota-land-cruiser-prado-2015-90073.html
187,https://www.carjunction.com/car-detail/toyota-passo-2007-90076.html
188,https://www.carjunction.com/car-detail/toyota-passo-2007-90077.html
189,https://www.carjunction.com/car-detail/toyota-land-cruiser-2016-90080.html
190,https://www.carjunction.com/car-detail/toyota-aqua-2017-90087.html
191,https://www.carjunction.com/car-detail/toyota-aqua-2017-90088.html
192,https://www.carjunction.com/car-detail/toyota-hilux-revo-2015-90089.html
193,https://www.carjunction.com/car-detail/toyota-hilux-revo-2016-90090.html
194,https://www.carjunction.com/car-detail/toyota-hilux-revo-2018-90091.html
195,https://www.carjunction.com/car-detail/toyota-hilux-revo-2016-90092.html
196,https://www.carjunction.com/car-detail/toyota-rav4-2015-90099.html
197,https://www.carjunction.com/car-detail/toyota-ractis-2015-90101.html
198,https://www.carjunction.com/car-detail/toyota-harrier-2015-90102.html
199,https://www.carjunction.com/car-detail/toyota-allion-2009-90116.html
200,https://www.carjunction.com/car-detail/toyota-land-cruiser-prado-2019-90120.html
201,https://www.carjunction.com/car-detail/toyota-c-hr-2020-90121.html
202,https://www.carjunction.com/car-detail/toyota-vitz-2017-90128.html
203,https://www.carjunction.com/car-detail/toyota-premio-2013-90134.html
204,https://www.carjunction.com/car-detail/toyota-premio-2012-90135.html
205,https://www.carjunction.com/car-detail/toyota-premio-2013-90136.html
206,https://www.carjunction.com/car-detail/toyota-premio-2012-90137.html
207,https://www.carjunction.com/car-detail/toyota-premio-2012-90138.html
208,https://www.carjunction.com/car-detail/toyota-premio-2009-90163.html
209,https://www.carjunction.com/car-detail/toyota-c-hr-hybrid-2018-90173.html
210,https://www.carjunction.com/car-detail/toyota-c-hr-hybrid-2018-90175.html
211,https://www.carjunction.com/car-detail/toyota-c-hr-hybrid-2019-90176.html
212,https://www.carjunction.com/car-detail/toyota-c-hr-2019-90177.html
213,https://www.carjunction.com/car-detail/toyota-yaris-cross-2020-90185.html
214,https://www.carjunction.com/car-detail/toyota-land-cruiser-2019-90206.html
215,https://www.carjunction.com/car-detail/toyota-land-cruiser-2020-90238.html
216,https://www.carjunction.com/car-detail/toyota-hilux-2009-90251.html
217,https://www.carjunction.com/car-detail/toyota-hilux-2008-90253.html
218,https://www.carjunction.com/car-detail/toyota-hilux-2009-90254.html
219,https://www.carjunction.com/car-detail/toyota-alphard-hybrid-2019-90255.html
220,https://www.carjunction.com/car-detail/toyota-land-cruiser-2020-90256.html
221,https://www.carjunction.com/car-detail/toyota-voxy-2011-90261.html
222,https://www.carjunction.com/car-detail/toyota-land-cruiser-2020-90268.html
223,https://www.carjunction.com/car-detail/toyota-isis-2011-90318.html
224,https://www.carjunction.com/car-detail/toyota-rav4-2015-90328.html
225,https://www.carjunction.com/car-detail/toyota-estima-2009-90330.html
226,https://www.carjunction.com/car-detail/toyota-raum-2004-90346.html
227,https://www.carjunction.com/car-detail/toyota-crown-hybrid-2014-90348.html
228,https://www.carjunction.com/car-detail/toyota-probox-2015-90353.html
229,https://www.carjunction.com/car-detail/toyota-probox-2015-90354.html
230,https://www.carjunction.com/car-detail/toyota-land-cruiser-prado-2017-90356.html
231,https://www.carjunction.com/car-detail/toyota-rav4-2015-90357.html
232,https://www.carjunction.com/car-detail/toyota-yaris-cross-2020-90363.html
233,https://www.carjunction.com/car-detail/toyota-allion-2009-90376.html
234,https://www.carjunction.com/car-detail/toyota-corolla-axio-2017-90403.html
235,https://www.carjunction.com/car-detail/toyota-corolla-axio-2017-90412.html
236,https://www.carjunction.com/car-detail/toyota-land-cruiser-2011-90413.html
237,https://www.carjunction.com/car-detail/toyota-passo-2011-90418.html
238,https://www.carjunction.com/car-detail/toyota-bb-2011-90436.html
239,https://www.carjunction.com/car-detail/toyota-vitz-2011-90440.html
240,https://www.carjunction.com/car-detail/toyota-vitz-2011-90443.html
241,https://www.carjunction.com/car-detail/toyota-vitz-2011-90444.html
242,https://www.carjunction.com/car-detail/toyota-passo-2011-90447.html
243,https://www.carjunction.com/car-detail/toyota-passo-2011-90448.html
244,https://www.carjunction.com/car-detail/toyota-bb-2011-90450.html
245,https://www.carjunction.com/car-detail/toyota-corolla-axio-2018-90463.html
246,https://www.carjunction.com/car-detail/toyota-allion-2019-90464.html
247,https://www.carjunction.com/car-detail/toyota-vanguard-2007-90468.html
248,https://www.carjunction.com/car-detail/toyota-vitz-2010-90470.html
249,https://www.carjunction.com/car-detail/toyota-vitz-2010-90471.html
250,https://www.carjunction.com/car-detail/toyota-rav4-2009-90478.html
251,https://www.carjunction.com/car-detail/toyota-rav4-2009-90479.html
252,https://www.carjunction.com/car-detail/toyota-rush-2009-90491.html
253,https://www.carjunction.com/car-detail/toyota-rush-2009-90492.html
254,https://www.carjunction.com/car-detail/toyota-raum-2007-90502.html
255,https://www.carjunction.com/car-detail/toyota-crown-hybrid-2015-90506.html
256,https://www.carjunction.com/car-detail/toyota-allion-2018-90509.html
257,https://www.carjunction.com/car-detail/toyota-noah-hybrid-2017-90510.html
258,https://www.carjunction.com/car-detail/toyota-vitz-hybrid-2017-90511.html
259,https://www.carjunction.com/car-detail/toyota-c-hr-2017-90512.html
260,https://www.carjunction.com/car-detail/toyota-vitz-hybrid-2017-90513.html
261,https://www.carjunction.com/car-detail/toyota-corolla-fielder-hybrid-2016-90515.html
262,https://www.carjunction.com/car-detail/toyota-aqua-2017-90516.html
263,https://www.carjunction.com/car-detail/toyota-c-hr-2018-90517.html
264,https://www.carjunction.com/car-detail/toyota-land-cruiser-2016-90533.html
265,https://www.carjunction.com/car-detail/toyota-belta-2011-90536.html
266,https://www.carjunction.com/car-detail/toyota-hilux-revo-rocco-2018-90538.html
267,https://www.carjunction.com/car-detail/toyota-belta-2010-90544.html
268,https://www.carjunction.com/car-detail/toyota-belta-2010-90545.html
269,https://www.carjunction.com/car-detail/toyota-crown-2011-90546.html
270,https://www.carjunction.com/car-detail/toyota-crown-2010-90547.html
271,https://www.carjunction.com/car-detail/toyota-harrier-2010-90548.html
272,https://www.carjunction.com/car-detail/toyota-isis-2010-90550.html
273,https://www.carjunction.com/car-detail/toyota-isis-2010-90551.html
274,https://www.carjunction.com/car-detail/toyota-mark-x-2010-90552.html
275,https://www.carjunction.com/car-detail/toyota-mark-x-2010-90553.html
276,https://www.carjunction.com/car-detail/toyota-rav4-2010-90554.html
277,https://www.carjunction.com/car-detail/toyota-rav4-2010-90555.html
278,https://www.carjunction.com/car-detail/toyota-rush-2010-90556.html
279,https://www.carjunction.com/car-detail/toyota-rush-2011-90557.html
280,https://www.carjunction.com/car-detail/toyota-rush-2011-90558.html
281,https://www.carjunction.com/car-detail/toyota-voxy-2010-90559.html
282,https://www.carjunction.com/car-detail/toyota-voxy-2010-90561.html
283,https://www.carjunction.com/car-detail/toyota-voxy-2010-90562.html
284,https://www.carjunction.com/car-detail/toyota-vitz-2011-90565.html
285,https://www.carjunction.com/car-detail/toyota-vitz-2011-90566.html
286,https://www.carjunction.com/car-detail/toyota-bb-2010-90567.html
287,https://www.carjunction.com/car-detail/toyota-bb-2011-90570.html
288,https://www.carjunction.com/car-detail/toyota-succeed-van-2015-90576.html
289,https://www.carjunction.com/car-detail/toyota-fortuner-2018-90579.html
290,https://www.carjunction.com/car-detail/toyota-rav4-2019-90580.html
291,https://www.carjunction.com/car-detail/toyota-alphard-2020-90585.html
292,https://www.carjunction.com/car-detail/toyota-land-cruiser-prado-2020-90586.html
293,https://www.carjunction.com/car-detail/toyota-probox-2015-90593.html
294,https://www.carjunction.com/car-detail/toyota-probox-2015-90594.html
295,https://www.carjunction.com/car-detail/toyota-hiace-2015-90595.html
296,https://www.carjunction.com/car-detail/toyota-corolla-axio-2015-90596.html
297,https://www.carjunction.com/car-detail/toyota-corolla-fielder-2015-90597.html
298,https://www.carjunction.com/car-detail/toyota-corolla-axio-2015-90598.html
299,https://www.carjunction.com/car-detail/toyota-hiace-2015-90599.html
