,B-MAX(7)
,BRONCO(1)
0,https://www.sbtjapan.com/dealers-cars/ford/bronco/DKN7637
,ECOSPORT(15)
0,https://www.sbtjapan.com/dealers-cars/ford/ecosport/DLV8844
1,https://www.sbtjapan.com/dealers-cars/ford/ecosport/DTA6975
2,https://www.sbtjapan.com/dealers-cars/ford/ecosport/DDP7354
3,https://www.sbtjapan.com/dealers-cars/ford/ecosport/DAA9345
4,https://www.sbtjapan.com/dealers-cars/ford/ecosport/DDS8334
5,https://www.sbtjapan.com/dealers-cars/ford/ecosport/DKD8734
6,https://www.sbtjapan.com/dealers-cars/ford/ecosport/DLG7469
7,https://www.sbtjapan.com/dealers-cars/ford/ecosport/DSG3559
8,https://www.sbtjapan.com/dealers-cars/ford/ecosport/DJM3568
9,https://www.sbtjapan.com/dealers-cars/ford/ecosport/DHV3273
,EDGE(5)
0,https://www.sbtjapan.com/dealers-cars/ford/edge/DNS5253
1,https://www.sbtjapan.com/dealers-cars/ford/edge/DQD3478
,ESCAPE(10)
0,https://www.sbtjapan.com/dealers-cars/ford/escape/DFV3855
1,https://www.sbtjapan.com/dealers-cars/ford/escape/DWM6798
2,https://www.sbtjapan.com/dealers-cars/ford/escape/DFK6395
3,https://www.sbtjapan.com/dealers-cars/ford/escape/DGQ7556
4,https://www.sbtjapan.com/dealers-cars/ford/escape/DXQ5632
5,https://www.sbtjapan.com/dealers-cars/ford/escape/DCN5268
6,https://www.sbtjapan.com/dealers-cars/ford/escape/DBH8825
7,https://www.sbtjapan.com/dealers-cars/ford/escape/DBF2879
8,https://www.sbtjapan.com/dealers-cars/ford/escape/DYS3374
9,https://www.sbtjapan.com/used-cars/ford/escape/WA2158
,EXPEDITION(2)
0,https://www.sbtjapan.com/dealers-cars/ford/expedition/DKZ4587
1,https://www.sbtjapan.com/dealers-cars/ford/expedition/DZS6452
,EXPLORER(76)
0,https://www.sbtjapan.com/dealers-cars/ford/explorer/DJS7359
1,https://www.sbtjapan.com/dealers-cars/ford/explorer/DRH3853
2,https://www.sbtjapan.com/dealers-cars/ford/explorer/DHW8672
3,https://www.sbtjapan.com/dealers-cars/ford/explorer/DND5625
4,https://www.sbtjapan.com/dealers-cars/ford/explorer/DYK3946
5,https://www.sbtjapan.com/dealers-cars/ford/explorer/DYQ9679
6,https://www.sbtjapan.com/dealers-cars/ford/explorer/DTP4722
7,https://www.sbtjapan.com/dealers-cars/ford/explorer/DJS2452
8,https://www.sbtjapan.com/dealers-cars/ford/explorer/DSR9586
9,https://www.sbtjapan.com/dealers-cars/ford/explorer/DJY9724
10,https://www.sbtjapan.com/dealers-cars/ford/explorer/DYH3528
11,https://www.sbtjapan.com/dealers-cars/ford/explorer/DNV6972
12,https://www.sbtjapan.com/dealers-cars/ford/explorer/DXQ4964
13,https://www.sbtjapan.com/dealers-cars/ford/explorer/DYH6246
14,https://www.sbtjapan.com/dealers-cars/ford/explorer/DJJ9339
15,https://www.sbtjapan.com/dealers-cars/ford/explorer/DLX8774
16,https://www.sbtjapan.com/dealers-cars/ford/explorer/DUD2999
17,https://www.sbtjapan.com/dealers-cars/ford/explorer/DHM8389
18,https://www.sbtjapan.com/dealers-cars/ford/explorer/DUD6735
19,https://www.sbtjapan.com/dealers-cars/ford/explorer/DRG3272
20,https://www.sbtjapan.com/dealers-cars/ford/explorer/DDP3684
21,https://www.sbtjapan.com/dealers-cars/ford/explorer/DTV8676
22,https://www.sbtjapan.com/dealers-cars/ford/explorer/DWU8852
23,https://www.sbtjapan.com/dealers-cars/ford/explorer/DQF7932
24,https://www.sbtjapan.com/dealers-cars/ford/explorer/DQW3875
25,https://www.sbtjapan.com/dealers-cars/ford/explorer/DRS6852
26,https://www.sbtjapan.com/dealers-cars/ford/explorer/DBX3625
27,https://www.sbtjapan.com/dealers-cars/ford/explorer/DAW4958
28,https://www.sbtjapan.com/dealers-cars/ford/explorer/DTR2949
29,https://www.sbtjapan.com/dealers-cars/ford/explorer/DBX5389
30,https://www.sbtjapan.com/dealers-cars/ford/explorer/DGN6836
31,https://www.sbtjapan.com/dealers-cars/ford/explorer/DKX8856
32,https://www.sbtjapan.com/dealers-cars/ford/explorer/DQS3433
33,https://www.sbtjapan.com/dealers-cars/ford/explorer/DTT7247
34,https://www.sbtjapan.com/dealers-cars/ford/explorer/DKV7839
35,https://www.sbtjapan.com/dealers-cars/ford/explorer/DCA7548
36,https://www.sbtjapan.com/dealers-cars/ford/explorer/DYZ4424
37,https://www.sbtjapan.com/dealers-cars/ford/explorer/DQA4688
38,https://www.sbtjapan.com/dealers-cars/ford/explorer/DPA4448
39,https://www.sbtjapan.com/dealers-cars/ford/explorer/DKQ2358
40,https://www.sbtjapan.com/dealers-cars/ford/explorer/DUC9424
41,https://www.sbtjapan.com/dealers-cars/ford/explorer/DNY8269
42,https://www.sbtjapan.com/dealers-cars/ford/explorer/DRN5899
43,https://www.sbtjapan.com/dealers-cars/ford/explorer/DSG8525
44,https://www.sbtjapan.com/dealers-cars/ford/explorer/DWG7324
45,https://www.sbtjapan.com/dealers-cars/ford/explorer/DGW2836
46,https://www.sbtjapan.com/dealers-cars/ford/explorer/DZR8599
47,https://www.sbtjapan.com/dealers-cars/ford/explorer/DEF7452
48,https://www.sbtjapan.com/dealers-cars/ford/explorer/DZL7649
49,https://www.sbtjapan.com/dealers-cars/ford/explorer/DDC8249
50,https://www.sbtjapan.com/dealers-cars/ford/explorer/DXZ3932
51,https://www.sbtjapan.com/dealers-cars/ford/explorer/DQD3484
52,https://www.sbtjapan.com/dealers-cars/ford/explorer/DLK4269
53,https://www.sbtjapan.com/dealers-cars/ford/explorer/DLL5957
54,https://www.sbtjapan.com/dealers-cars/ford/explorer/DMF6358
55,https://www.sbtjapan.com/dealers-cars/ford/explorer/DFH6956
56,https://www.sbtjapan.com/dealers-cars/ford/explorer/DKZ2832
57,https://www.sbtjapan.com/dealers-cars/ford/explorer/DYP5349
58,https://www.sbtjapan.com/dealers-cars/ford/explorer/DMJ7236
59,https://www.sbtjapan.com/dealers-cars/ford/explorer/DCW8327
60,https://www.sbtjapan.com/dealers-cars/ford/explorer/DUX4368
61,https://www.sbtjapan.com/dealers-cars/ford/explorer/DLT9663
62,https://www.sbtjapan.com/dealers-cars/ford/explorer/DHC2777
63,https://www.sbtjapan.com/dealers-cars/ford/explorer/DPU2838
64,https://www.sbtjapan.com/dealers-cars/ford/explorer/DPV3635
65,https://www.sbtjapan.com/dealers-cars/ford/explorer/DNR6575
66,https://www.sbtjapan.com/dealers-cars/ford/explorer/DHJ9587
67,https://www.sbtjapan.com/dealers-cars/ford/explorer/DYZ3374
68,https://www.sbtjapan.com/dealers-cars/ford/explorer/DEZ5899
69,https://www.sbtjapan.com/dealers-cars/ford/explorer/DYL9956
70,https://www.sbtjapan.com/dealers-cars/ford/explorer/DMG6299
71,https://www.sbtjapan.com/dealers-cars/ford/explorer/DBW4333
72,https://www.sbtjapan.com/dealers-cars/ford/explorer/DVX5255
73,https://www.sbtjapan.com/dealers-cars/ford/explorer/DDC8624
74,https://www.sbtjapan.com/dealers-cars/ford/explorer/DCQ4784
75,https://www.sbtjapan.com/dealers-cars/ford/explorer/DDM8769
,EXPLORER SPORT TRAC(6)
0,https://www.sbtjapan.com/dealers-cars/ford/explorer-sport-trac/DCE9654
1,https://www.sbtjapan.com/dealers-cars/ford/explorer-sport-trac/DPU6498
2,https://www.sbtjapan.com/dealers-cars/ford/explorer-sport-trac/DUQ9283
3,https://www.sbtjapan.com/dealers-cars/ford/explorer-sport-trac/DBM9665
4,https://www.sbtjapan.com/dealers-cars/ford/explorer-sport-trac/DWN6353
5,https://www.sbtjapan.com/dealers-cars/ford/explorer-sport-trac/DGF7462
,F150(1)
0,https://www.sbtjapan.com/dealers-cars/ford/f150/DYM9859
,FIVE HUNDRED(1)
0,https://www.sbtjapan.com/dealers-cars/ford/five-hundred/DHP6876
,FORD(49)
0,https://www.sbtjapan.com/dealers-cars/ford/ford/DZH3727
1,https://www.sbtjapan.com/dealers-cars/ford/ford/DPX3787
2,https://www.sbtjapan.com/dealers-cars/ford/ford/DYT8745
3,https://www.sbtjapan.com/dealers-cars/ford/ford/DXF5522
4,https://www.sbtjapan.com/dealers-cars/ford/ford/DGQ5729
5,https://www.sbtjapan.com/dealers-cars/ford/ford/DXK4642
6,https://www.sbtjapan.com/dealers-cars/ford/ford/DMZ9427
7,https://www.sbtjapan.com/dealers-cars/ford/ford/DET6357
8,https://www.sbtjapan.com/dealers-cars/ford/ford/DVR2686
9,https://www.sbtjapan.com/dealers-cars/ford/ford/DNV2774
10,https://www.sbtjapan.com/dealers-cars/ford/ford/DGM6778
11,https://www.sbtjapan.com/dealers-cars/ford/ford/DRL3845
12,https://www.sbtjapan.com/dealers-cars/ford/ford/DDW7425
13,https://www.sbtjapan.com/dealers-cars/ford/ford/DSJ3967
14,https://www.sbtjapan.com/dealers-cars/ford/ford/DBY9273
15,https://www.sbtjapan.com/dealers-cars/ford/ford/DVP7872
16,https://www.sbtjapan.com/dealers-cars/ford/ford/DCS5482
17,https://www.sbtjapan.com/dealers-cars/ford/ford/DYN2257
18,https://www.sbtjapan.com/dealers-cars/ford/ford/DNX8663
19,https://www.sbtjapan.com/dealers-cars/ford/ford/DGT8724
20,https://www.sbtjapan.com/dealers-cars/ford/ford/DXR8556
21,https://www.sbtjapan.com/dealers-cars/ford/ford/DME8279
22,https://www.sbtjapan.com/dealers-cars/ford/ford/DLZ3438
23,https://www.sbtjapan.com/dealers-cars/ford/ford/DBD8222
24,https://www.sbtjapan.com/dealers-cars/ford/ford/DWW6774
25,https://www.sbtjapan.com/dealers-cars/ford/ford/DUP6855
26,https://www.sbtjapan.com/dealers-cars/ford/ford/DSA2333
27,https://www.sbtjapan.com/dealers-cars/ford/ford/DAE5377
28,https://www.sbtjapan.com/dealers-cars/ford/ford/DMB7453
29,https://www.sbtjapan.com/dealers-cars/ford/ford/DQW9888
30,https://www.sbtjapan.com/dealers-cars/ford/ford/DEU4745
31,https://www.sbtjapan.com/dealers-cars/ford/ford/DCY3228
32,https://www.sbtjapan.com/dealers-cars/ford/ford/DXM2264
33,https://www.sbtjapan.com/dealers-cars/ford/ford/DSV4267
34,https://www.sbtjapan.com/dealers-cars/ford/ford/DSE6288
35,https://www.sbtjapan.com/dealers-cars/ford/ford/DWD9749
36,https://www.sbtjapan.com/dealers-cars/ford/ford/DDQ4655
37,https://www.sbtjapan.com/dealers-cars/ford/ford/DCJ5476
38,https://www.sbtjapan.com/dealers-cars/ford/ford/DMQ6435
39,https://www.sbtjapan.com/dealers-cars/ford/ford/DXQ9557
40,https://www.sbtjapan.com/dealers-cars/ford/ford/DYX9954
41,https://www.sbtjapan.com/dealers-cars/ford/ford/DAN2485
42,https://www.sbtjapan.com/dealers-cars/ford/ford/DMB9594
43,https://www.sbtjapan.com/dealers-cars/ford/ford/DYA3773
44,https://www.sbtjapan.com/dealers-cars/ford/ford/DNU6378
45,https://www.sbtjapan.com/dealers-cars/ford/ford/DQE8446
46,https://www.sbtjapan.com/dealers-cars/ford/ford/DMS2224
47,https://www.sbtjapan.com/dealers-cars/ford/ford/DJS4723
48,https://www.sbtjapan.com/dealers-cars/ford/ford/DBH7699
,FUSION(6)
0,https://www.sbtjapan.com/dealers-cars/ford/fusion/DVA7697
1,https://www.sbtjapan.com/dealers-cars/ford/fusion/DFX8556
2,https://www.sbtjapan.com/dealers-cars/ford/fusion/DFS7994
3,https://www.sbtjapan.com/dealers-cars/ford/fusion/DSS3562
4,https://www.sbtjapan.com/dealers-cars/ford/fusion/DTN3569
5,https://www.sbtjapan.com/dealers-cars/ford/fusion/DER3384
,KUGA(22)
0,https://www.sbtjapan.com/dealers-cars/ford/kuga/DYJ5434
1,https://www.sbtjapan.com/dealers-cars/ford/kuga/DPE7732
2,https://www.sbtjapan.com/dealers-cars/ford/kuga/DVF8427
3,https://www.sbtjapan.com/dealers-cars/ford/kuga/DNR5345
4,https://www.sbtjapan.com/dealers-cars/ford/kuga/DYM9284
5,https://www.sbtjapan.com/dealers-cars/ford/kuga/DYY6669
6,https://www.sbtjapan.com/dealers-cars/ford/kuga/DQY4544
,MONDEO(34)
0,https://www.sbtjapan.com/dealers-cars/ford/mondeo/DCA4442
1,https://www.sbtjapan.com/dealers-cars/ford/mondeo/DRS8229
2,https://www.sbtjapan.com/dealers-cars/ford/mondeo/DRF5847
3,https://www.sbtjapan.com/dealers-cars/ford/mondeo/DPM4399
4,https://www.sbtjapan.com/dealers-cars/ford/mondeo/DVY7889
5,https://www.sbtjapan.com/dealers-cars/ford/mondeo/DFD8846
6,https://www.sbtjapan.com/dealers-cars/ford/mondeo/DAE3983
7,https://www.sbtjapan.com/dealers-cars/ford/mondeo/DMZ3596
8,https://www.sbtjapan.com/dealers-cars/ford/mondeo/DTD3383
9,https://www.sbtjapan.com/dealers-cars/ford/mondeo/DAR4947
10,https://www.sbtjapan.com/dealers-cars/ford/mondeo/DFE7897
11,https://www.sbtjapan.com/dealers-cars/ford/mondeo/DHS7844
12,https://www.sbtjapan.com/dealers-cars/ford/mondeo/DXA7223
13,https://www.sbtjapan.com/dealers-cars/ford/mondeo/DCF3558
14,https://www.sbtjapan.com/dealers-cars/ford/mondeo/DBR6752
,MUSTANG(44)
0,https://www.sbtjapan.com/dealers-cars/ford/mustang/DNR2968
1,https://www.sbtjapan.com/dealers-cars/ford/mustang/DPD7284
2,https://www.sbtjapan.com/dealers-cars/ford/mustang/DNH4723
3,https://www.sbtjapan.com/dealers-cars/ford/mustang/DZY6855
4,https://www.sbtjapan.com/dealers-cars/ford/mustang/DUR2758
5,https://www.sbtjapan.com/dealers-cars/ford/mustang/DDB2944
6,https://www.sbtjapan.com/dealers-cars/ford/mustang/DJL6256
7,https://www.sbtjapan.com/dealers-cars/ford/mustang/DSW7239
8,https://www.sbtjapan.com/dealers-cars/ford/mustang/DQF3339
9,https://www.sbtjapan.com/dealers-cars/ford/mustang/DXQ7646
10,https://www.sbtjapan.com/dealers-cars/ford/mustang/DVR9955
11,https://www.sbtjapan.com/dealers-cars/ford/mustang/DAJ3899
12,https://www.sbtjapan.com/dealers-cars/ford/mustang/DHX2649
13,https://www.sbtjapan.com/dealers-cars/ford/mustang/DCV3822
14,https://www.sbtjapan.com/dealers-cars/ford/mustang/DQG8553
15,https://www.sbtjapan.com/dealers-cars/ford/mustang/DCE7763
16,https://www.sbtjapan.com/dealers-cars/ford/mustang/DMU8865
17,https://www.sbtjapan.com/dealers-cars/ford/mustang/DVT6957
18,https://www.sbtjapan.com/dealers-cars/ford/mustang/DSD6252
19,https://www.sbtjapan.com/dealers-cars/ford/mustang/DGB6374
20,https://www.sbtjapan.com/dealers-cars/ford/mustang/DWV4232
21,https://www.sbtjapan.com/dealers-cars/ford/mustang/DPH7624
22,https://www.sbtjapan.com/dealers-cars/ford/mustang/DVP2327
23,https://www.sbtjapan.com/dealers-cars/ford/mustang/DZZ5968
24,https://www.sbtjapan.com/dealers-cars/ford/mustang/DMB8373
25,https://www.sbtjapan.com/dealers-cars/ford/mustang/DNP4848
26,https://www.sbtjapan.com/dealers-cars/ford/mustang/DKF4772
27,https://www.sbtjapan.com/dealers-cars/ford/mustang/DNM3773
28,https://www.sbtjapan.com/dealers-cars/ford/mustang/DZK3834
29,https://www.sbtjapan.com/dealers-cars/ford/mustang/DGD9932
30,https://www.sbtjapan.com/dealers-cars/ford/mustang/DAX8477
31,https://www.sbtjapan.com/dealers-cars/ford/mustang/DNF6983
32,https://www.sbtjapan.com/dealers-cars/ford/mustang/DFF4564
33,https://www.sbtjapan.com/dealers-cars/ford/mustang/DSD6696
34,https://www.sbtjapan.com/dealers-cars/ford/mustang/DTZ4332
35,https://www.sbtjapan.com/dealers-cars/ford/mustang/DSJ9354
36,https://www.sbtjapan.com/dealers-cars/ford/mustang/DAC2773
37,https://www.sbtjapan.com/dealers-cars/ford/mustang/DUC8978
38,https://www.sbtjapan.com/dealers-cars/ford/mustang/DDM8459
39,https://www.sbtjapan.com/dealers-cars/ford/mustang/DHS2975
40,https://www.sbtjapan.com/dealers-cars/ford/mustang/DSE3878
41,https://www.sbtjapan.com/dealers-cars/ford/mustang/DFE5494
42,https://www.sbtjapan.com/dealers-cars/ford/mustang/DYN7657
,Ranger(38)
0,https://www.sbtjapan.com/used-cars/ford/ranger/ZM9311
1,https://www.sbtjapan.com/used-cars/ford/ranger/XI9781
2,https://www.sbtjapan.com/used-cars/ford/ranger/JB0084
3,https://www.sbtjapan.com/used-cars/ford/ranger/OL5232
4,https://www.sbtjapan.com/used-cars/ford/ranger/RJ7757
5,https://www.sbtjapan.com/used-cars/ford/ranger/GX7576
6,https://www.sbtjapan.com/used-cars/ford/ranger/IZ3669
7,https://www.sbtjapan.com/dealers-cars/ford/ranger/DAM4372
8,https://www.sbtjapan.com/dealers-cars/ford/ranger/DQS2543
9,https://www.sbtjapan.com/dealers-cars/ford/ranger/DBM7888
10,https://www.sbtjapan.com/dealers-cars/ford/ranger/DAL5634
11,https://www.sbtjapan.com/dealers-cars/ford/ranger/DCN4945
12,https://www.sbtjapan.com/dealers-cars/ford/ranger/DXQ7887
13,https://www.sbtjapan.com/dealers-cars/ford/ranger/DYE2239
14,https://www.sbtjapan.com/dealers-cars/ford/ranger/DHJ6232
15,https://www.sbtjapan.com/dealers-cars/ford/ranger/DXR6539
16,https://www.sbtjapan.com/dealers-cars/ford/ranger/DKL4736
17,https://www.sbtjapan.com/dealers-cars/ford/ranger/DAL9485
18,https://www.sbtjapan.com/dealers-cars/ford/ranger/DWR2832
19,https://www.sbtjapan.com/dealers-cars/ford/ranger/DTG7676
20,https://www.sbtjapan.com/dealers-cars/ford/ranger/DQS8247
21,https://www.sbtjapan.com/dealers-cars/ford/ranger/DVH7867
22,https://www.sbtjapan.com/dealers-cars/ford/ranger/DUB5576
23,https://www.sbtjapan.com/dealers-cars/ford/ranger/DDL9728
24,https://www.sbtjapan.com/dealers-cars/ford/ranger/DCT3526
25,https://www.sbtjapan.com/dealers-cars/ford/ranger/DTD3898
26,https://www.sbtjapan.com/dealers-cars/ford/ranger/DGZ5537
27,https://www.sbtjapan.com/dealers-cars/ford/ranger/DYP6588
28,https://www.sbtjapan.com/dealers-cars/ford/ranger/DCP4725
29,https://www.sbtjapan.com/dealers-cars/ford/ranger/DMF2724
30,https://www.sbtjapan.com/dealers-cars/ford/ranger/DZN6653
31,https://www.sbtjapan.com/dealers-cars/ford/ranger/DJK3658
32,https://www.sbtjapan.com/dealers-cars/ford/ranger/DEF2826
33,https://www.sbtjapan.com/used-cars/ford/ranger/YL0850
34,https://www.sbtjapan.com/used-cars/ford/ranger/FY8456
35,https://www.sbtjapan.com/used-cars/ford/ranger/EY9928
,S-MAX(12)
,TAURUS(21)
0,https://www.sbtjapan.com/dealers-cars/ford/taurus/DYV5728
1,https://www.sbtjapan.com/dealers-cars/ford/taurus/DRQ7374
2,https://www.sbtjapan.com/dealers-cars/ford/taurus/DSA5536
3,https://www.sbtjapan.com/dealers-cars/ford/taurus/DLC2226
4,https://www.sbtjapan.com/dealers-cars/ford/taurus/DPF2878
5,https://www.sbtjapan.com/dealers-cars/ford/taurus/DQC7884
6,https://www.sbtjapan.com/dealers-cars/ford/taurus/DXY8768
7,https://www.sbtjapan.com/dealers-cars/ford/taurus/DJX4294
8,https://www.sbtjapan.com/dealers-cars/ford/taurus/DVY2876
9,https://www.sbtjapan.com/dealers-cars/ford/taurus/DRS3568
10,https://www.sbtjapan.com/dealers-cars/ford/taurus/DQH4475
11,https://www.sbtjapan.com/dealers-cars/ford/taurus/DAS8525
12,https://www.sbtjapan.com/dealers-cars/ford/taurus/DWZ6849
13,https://www.sbtjapan.com/dealers-cars/ford/taurus/DBJ8842
14,https://www.sbtjapan.com/dealers-cars/ford/taurus/DYK8433
15,https://www.sbtjapan.com/dealers-cars/ford/taurus/DGR9294
16,https://www.sbtjapan.com/dealers-cars/ford/taurus/DPZ3322
17,https://www.sbtjapan.com/dealers-cars/ford/taurus/DTT3766
18,https://www.sbtjapan.com/dealers-cars/ford/taurus/DMU7654
19,https://www.sbtjapan.com/dealers-cars/ford/taurus/DTX9474
20,https://www.sbtjapan.com/dealers-cars/ford/taurus/DPU3346
,TRANSIT(123)
0,https://www.sbtjapan.com/dealers-cars/ford/transit/DXH4382
1,https://www.sbtjapan.com/dealers-cars/ford/transit/DVB9624
2,https://www.sbtjapan.com/dealers-cars/ford/transit/DFB9579
3,https://www.sbtjapan.com/dealers-cars/ford/transit/DQH4382
4,https://www.sbtjapan.com/dealers-cars/ford/transit/DZN6987
5,https://www.sbtjapan.com/dealers-cars/ford/transit/DYE5224
6,https://www.sbtjapan.com/dealers-cars/ford/transit/DWT6726
7,https://www.sbtjapan.com/dealers-cars/ford/transit/DRP2752
8,https://www.sbtjapan.com/dealers-cars/ford/transit/DZN5972
9,https://www.sbtjapan.com/dealers-cars/ford/transit/DEQ3748
10,https://www.sbtjapan.com/dealers-cars/ford/transit/DPE9233
11,https://www.sbtjapan.com/dealers-cars/ford/transit/DDR5999
12,https://www.sbtjapan.com/dealers-cars/ford/transit/DYR7883
13,https://www.sbtjapan.com/dealers-cars/ford/transit/DHL5556
14,https://www.sbtjapan.com/dealers-cars/ford/transit/DYW7635
15,https://www.sbtjapan.com/dealers-cars/ford/transit/DYG2723
16,https://www.sbtjapan.com/dealers-cars/ford/transit/DZE7889
17,https://www.sbtjapan.com/dealers-cars/ford/transit/DHA9953
18,https://www.sbtjapan.com/dealers-cars/ford/transit/DKH8852
19,https://www.sbtjapan.com/dealers-cars/ford/transit/DJQ7992
20,https://www.sbtjapan.com/dealers-cars/ford/transit/DGJ4299
21,https://www.sbtjapan.com/dealers-cars/ford/transit/DXP4464
22,https://www.sbtjapan.com/dealers-cars/ford/transit/DWY6336
23,https://www.sbtjapan.com/dealers-cars/ford/transit/DBS3292
24,https://www.sbtjapan.com/dealers-cars/ford/transit/DXY7465
25,https://www.sbtjapan.com/dealers-cars/ford/transit/DLN9936
26,https://www.sbtjapan.com/dealers-cars/ford/transit/DUB2954
27,https://www.sbtjapan.com/dealers-cars/ford/transit/DFH4548
28,https://www.sbtjapan.com/dealers-cars/ford/transit/DGX9487
29,https://www.sbtjapan.com/dealers-cars/ford/transit/DUT7379
30,https://www.sbtjapan.com/dealers-cars/ford/transit/DJJ8265
31,https://www.sbtjapan.com/dealers-cars/ford/transit/DXK5474
32,https://www.sbtjapan.com/dealers-cars/ford/transit/DTG6729
33,https://www.sbtjapan.com/dealers-cars/ford/transit/DCP3988
34,https://www.sbtjapan.com/dealers-cars/ford/transit/DQV3437
35,https://www.sbtjapan.com/dealers-cars/ford/transit/DFL2926
36,https://www.sbtjapan.com/dealers-cars/ford/transit/DAH5682
37,https://www.sbtjapan.com/dealers-cars/ford/transit/DPH5663
38,https://www.sbtjapan.com/dealers-cars/ford/transit/DGC6628
39,https://www.sbtjapan.com/dealers-cars/ford/transit/DGT5253
40,https://www.sbtjapan.com/dealers-cars/ford/transit/DUC6655
41,https://www.sbtjapan.com/dealers-cars/ford/transit/DEZ5352
42,https://www.sbtjapan.com/dealers-cars/ford/transit/DZG4446
43,https://www.sbtjapan.com/dealers-cars/ford/transit/DGQ7273
44,https://www.sbtjapan.com/dealers-cars/ford/transit/DEG8263
45,https://www.sbtjapan.com/dealers-cars/ford/transit/DLB4994
46,https://www.sbtjapan.com/dealers-cars/ford/transit/DJX4947
47,https://www.sbtjapan.com/dealers-cars/ford/transit/DGG4763
48,https://www.sbtjapan.com/dealers-cars/ford/transit/DCB4984
49,https://www.sbtjapan.com/dealers-cars/ford/transit/DLB7457
50,https://www.sbtjapan.com/dealers-cars/ford/transit/DBX7236
51,https://www.sbtjapan.com/dealers-cars/ford/transit/DXW5596
52,https://www.sbtjapan.com/dealers-cars/ford/transit/DQN6482
53,https://www.sbtjapan.com/dealers-cars/ford/transit/DLW5335
54,https://www.sbtjapan.com/dealers-cars/ford/transit/DUZ5537
55,https://www.sbtjapan.com/dealers-cars/ford/transit/DJE2574
56,https://www.sbtjapan.com/dealers-cars/ford/transit/DND3625
57,https://www.sbtjapan.com/dealers-cars/ford/transit/DPR6888
58,https://www.sbtjapan.com/dealers-cars/ford/transit/DUY9922
59,https://www.sbtjapan.com/dealers-cars/ford/transit/DZY5642
60,https://www.sbtjapan.com/dealers-cars/ford/transit/DTX8782
61,https://www.sbtjapan.com/dealers-cars/ford/transit/DPC3762
62,https://www.sbtjapan.com/dealers-cars/ford/transit/DAA9597
63,https://www.sbtjapan.com/dealers-cars/ford/transit/DCX5353
64,https://www.sbtjapan.com/dealers-cars/ford/transit/DHT8932
65,https://www.sbtjapan.com/dealers-cars/ford/transit/DSG8422
66,https://www.sbtjapan.com/dealers-cars/ford/transit/DAY6356
67,https://www.sbtjapan.com/dealers-cars/ford/transit/DJE7395
68,https://www.sbtjapan.com/dealers-cars/ford/transit/DCB2659
69,https://www.sbtjapan.com/dealers-cars/ford/transit/DHR5279
70,https://www.sbtjapan.com/dealers-cars/ford/transit/DBG8659
71,https://www.sbtjapan.com/dealers-cars/ford/transit/DCU9944
72,https://www.sbtjapan.com/dealers-cars/ford/transit/DNM8542
73,https://www.sbtjapan.com/dealers-cars/ford/transit/DYC7796
74,https://www.sbtjapan.com/dealers-cars/ford/transit/DMK3432
75,https://www.sbtjapan.com/dealers-cars/ford/transit/DCR2796
76,https://www.sbtjapan.com/dealers-cars/ford/transit/DJG3284
77,https://www.sbtjapan.com/dealers-cars/ford/transit/DGP6998
78,https://www.sbtjapan.com/dealers-cars/ford/transit/DJW9852
79,https://www.sbtjapan.com/dealers-cars/ford/transit/DBH7258
80,https://www.sbtjapan.com/dealers-cars/ford/transit/DUU7425
81,https://www.sbtjapan.com/dealers-cars/ford/transit/DNL7534
82,https://www.sbtjapan.com/dealers-cars/ford/transit/DDW6298
83,https://www.sbtjapan.com/dealers-cars/ford/transit/DJF8425
84,https://www.sbtjapan.com/dealers-cars/ford/transit/DLY2566
85,https://www.sbtjapan.com/dealers-cars/ford/transit/DUV6433
86,https://www.sbtjapan.com/dealers-cars/ford/transit/DBW3973
87,https://www.sbtjapan.com/dealers-cars/ford/transit/DHP9223
88,https://www.sbtjapan.com/dealers-cars/ford/transit/DCG9458
89,https://www.sbtjapan.com/dealers-cars/ford/transit/DSZ6635
90,https://www.sbtjapan.com/dealers-cars/ford/transit/DKM3557
91,https://www.sbtjapan.com/dealers-cars/ford/transit/DNG7788
92,https://www.sbtjapan.com/dealers-cars/ford/transit/DVU9427
93,https://www.sbtjapan.com/dealers-cars/ford/transit/DNK8582
94,https://www.sbtjapan.com/dealers-cars/ford/transit/DKR9372
95,https://www.sbtjapan.com/dealers-cars/ford/transit/DGQ8982
96,https://www.sbtjapan.com/dealers-cars/ford/transit/DPQ5933
97,https://www.sbtjapan.com/dealers-cars/ford/transit/DTX7683
98,https://www.sbtjapan.com/dealers-cars/ford/transit/DSE7538
99,https://www.sbtjapan.com/dealers-cars/ford/transit/DCR8554
100,https://www.sbtjapan.com/dealers-cars/ford/transit/DEU8379
101,https://www.sbtjapan.com/dealers-cars/ford/transit/DDZ7547
102,https://www.sbtjapan.com/dealers-cars/ford/transit/DHA4879
103,https://www.sbtjapan.com/dealers-cars/ford/transit/DNK7273
104,https://www.sbtjapan.com/dealers-cars/ford/transit/DKV5787
105,https://www.sbtjapan.com/dealers-cars/ford/transit/DLJ2583
106,https://www.sbtjapan.com/dealers-cars/ford/transit/DBL6742
107,https://www.sbtjapan.com/dealers-cars/ford/transit/DMG4562
108,https://www.sbtjapan.com/dealers-cars/ford/transit/DGJ4567
109,https://www.sbtjapan.com/dealers-cars/ford/transit/DJK2654
110,https://www.sbtjapan.com/dealers-cars/ford/transit/DYD9999
111,https://www.sbtjapan.com/dealers-cars/ford/transit/DVZ3743
,TRANSIT CONNECT(13)
0,https://www.sbtjapan.com/dealers-cars/ford/transit-connect/DGT3243
1,https://www.sbtjapan.com/dealers-cars/ford/transit-connect/DPT8337
2,https://www.sbtjapan.com/dealers-cars/ford/transit-connect/DQU9827
3,https://www.sbtjapan.com/dealers-cars/ford/transit-connect/DQY7974
4,https://www.sbtjapan.com/dealers-cars/ford/transit-connect/DYZ6536
5,https://www.sbtjapan.com/dealers-cars/ford/transit-connect/DDJ6678
6,https://www.sbtjapan.com/dealers-cars/ford/transit-connect/DDP8999
7,https://www.sbtjapan.com/dealers-cars/ford/transit-connect/DUP5593
8,https://www.sbtjapan.com/dealers-cars/ford/transit-connect/DAR8376
9,https://www.sbtjapan.com/dealers-cars/ford/transit-connect/DNC6858
10,https://www.sbtjapan.com/dealers-cars/ford/transit-connect/DKP8976
11,https://www.sbtjapan.com/dealers-cars/ford/transit-connect/DVC6672
12,https://www.sbtjapan.com/dealers-cars/ford/transit-connect/DAW7845
