,DEFENDER(3)
0,https://www.sbtjapan.com/dealers-cars/land-rover/defender/DPY3938
1,https://www.sbtjapan.com/dealers-cars/land-rover/defender/DCN9878
2,https://www.sbtjapan.com/dealers-cars/land-rover/defender/DBC5652
,DISCOVERY(2)
0,https://www.sbtjapan.com/dealers-cars/land-rover/discovery/DWQ7747
1,https://www.sbtjapan.com/dealers-cars/land-rover/discovery/DUN5537
,DISCOVERY 3(8)
0,https://www.sbtjapan.com/used-cars/land-rover/discovery-3/YB9305
1,https://www.sbtjapan.com/dealers-cars/land-rover/discovery-3/DBU3793
2,https://www.sbtjapan.com/dealers-cars/land-rover/discovery-3/DEU3869
3,https://www.sbtjapan.com/dealers-cars/land-rover/discovery-3/DRT9599
4,https://www.sbtjapan.com/dealers-cars/land-rover/discovery-3/DVD2866
5,https://www.sbtjapan.com/dealers-cars/land-rover/discovery-3/DRD6775
6,https://www.sbtjapan.com/dealers-cars/land-rover/discovery-3/DTZ9645
7,https://www.sbtjapan.com/dealers-cars/land-rover/discovery-3/DQG7245
,DISCOVERY 4(9)
0,https://www.sbtjapan.com/used-cars/land-rover/discovery-4/ZR3445
1,https://www.sbtjapan.com/used-cars/land-rover/discovery-4/BA9067
2,https://www.sbtjapan.com/dealers-cars/land-rover/discovery-4/DNZ4866
3,https://www.sbtjapan.com/dealers-cars/land-rover/discovery-4/DPK5933
4,https://www.sbtjapan.com/dealers-cars/land-rover/discovery-4/DGD4238
5,https://www.sbtjapan.com/dealers-cars/land-rover/discovery-4/DAM9688
6,https://www.sbtjapan.com/dealers-cars/land-rover/discovery-4/DTJ7299
,DISCOVERY SPORT(10)
0,https://www.sbtjapan.com/dealers-cars/land-rover/discovery-sport/DJU7353
1,https://www.sbtjapan.com/dealers-cars/land-rover/discovery-sport/DZF9626
2,https://www.sbtjapan.com/dealers-cars/land-rover/discovery-sport/DWT7796
3,https://www.sbtjapan.com/dealers-cars/land-rover/discovery-sport/DQJ9322
4,https://www.sbtjapan.com/dealers-cars/land-rover/discovery-sport/DHJ8399
5,https://www.sbtjapan.com/dealers-cars/land-rover/discovery-sport/DLR7333
6,https://www.sbtjapan.com/dealers-cars/land-rover/discovery-sport/DJG5843
,FREELANDER(13)
0,https://www.sbtjapan.com/dealers-cars/land-rover/freelander/DDY5935
1,https://www.sbtjapan.com/dealers-cars/land-rover/freelander/DKM9937
2,https://www.sbtjapan.com/dealers-cars/land-rover/freelander/DYK8438
3,https://www.sbtjapan.com/dealers-cars/land-rover/freelander/DET4624
4,https://www.sbtjapan.com/dealers-cars/land-rover/freelander/DGN7333
5,https://www.sbtjapan.com/dealers-cars/land-rover/freelander/DWT9944
6,https://www.sbtjapan.com/dealers-cars/land-rover/freelander/DRM5398
7,https://www.sbtjapan.com/dealers-cars/land-rover/freelander/DJX8262
8,https://www.sbtjapan.com/dealers-cars/land-rover/freelander/DUC4346
9,https://www.sbtjapan.com/dealers-cars/land-rover/freelander/DUX3788
10,https://www.sbtjapan.com/dealers-cars/land-rover/freelander/DXK6992
11,https://www.sbtjapan.com/dealers-cars/land-rover/freelander/DRA9759
12,https://www.sbtjapan.com/dealers-cars/land-rover/freelander/DTC4367
,FREELANDER 2(4)
0,https://www.sbtjapan.com/dealers-cars/land-rover/freelander-2/DUU7995
1,https://www.sbtjapan.com/dealers-cars/land-rover/freelander-2/DFD6738
2,https://www.sbtjapan.com/dealers-cars/land-rover/freelander-2/DRX7459
3,https://www.sbtjapan.com/dealers-cars/land-rover/freelander-2/DNG9349
,RANGE ROVER(21)
0,https://www.sbtjapan.com/dealers-cars/land-rover/range-rover/DEY8232
1,https://www.sbtjapan.com/dealers-cars/land-rover/range-rover/DHM5655
2,https://www.sbtjapan.com/dealers-cars/land-rover/range-rover/DTN2683
3,https://www.sbtjapan.com/dealers-cars/land-rover/range-rover/DQV3397
4,https://www.sbtjapan.com/dealers-cars/land-rover/range-rover/DKQ6335
5,https://www.sbtjapan.com/dealers-cars/land-rover/range-rover/DXE5482
6,https://www.sbtjapan.com/dealers-cars/land-rover/range-rover/DRG9488
7,https://www.sbtjapan.com/dealers-cars/land-rover/range-rover/DYJ9457
8,https://www.sbtjapan.com/dealers-cars/land-rover/range-rover/DET3752
9,https://www.sbtjapan.com/dealers-cars/land-rover/range-rover/DHE6429
10,https://www.sbtjapan.com/dealers-cars/land-rover/range-rover/DGD9265
11,https://www.sbtjapan.com/dealers-cars/land-rover/range-rover/DSM4778
12,https://www.sbtjapan.com/dealers-cars/land-rover/range-rover/DXD4597
13,https://www.sbtjapan.com/dealers-cars/land-rover/range-rover/DQN8582
14,https://www.sbtjapan.com/dealers-cars/land-rover/range-rover/DKL3673
15,https://www.sbtjapan.com/dealers-cars/land-rover/range-rover/DQV5653
16,https://www.sbtjapan.com/dealers-cars/land-rover/range-rover/DXN2832
17,https://www.sbtjapan.com/dealers-cars/land-rover/range-rover/DVX9398
18,https://www.sbtjapan.com/dealers-cars/land-rover/range-rover/DUK5947
19,https://www.sbtjapan.com/dealers-cars/land-rover/range-rover/DPR7326
20,https://www.sbtjapan.com/dealers-cars/land-rover/range-rover/DLR2675
,RANGE ROVER EVOQUE(40)
0,https://www.sbtjapan.com/dealers-cars/land-rover/range-rover-evoque/DCY4287
1,https://www.sbtjapan.com/dealers-cars/land-rover/range-rover-evoque/DBY5679
2,https://www.sbtjapan.com/dealers-cars/land-rover/range-rover-evoque/DPP3745
3,https://www.sbtjapan.com/dealers-cars/land-rover/range-rover-evoque/DVB7773
4,https://www.sbtjapan.com/dealers-cars/land-rover/range-rover-evoque/DSU8257
5,https://www.sbtjapan.com/dealers-cars/land-rover/range-rover-evoque/DEY8226
6,https://www.sbtjapan.com/dealers-cars/land-rover/range-rover-evoque/DBF8847
7,https://www.sbtjapan.com/dealers-cars/land-rover/range-rover-evoque/DZV2864
8,https://www.sbtjapan.com/dealers-cars/land-rover/range-rover-evoque/DPB8627
9,https://www.sbtjapan.com/dealers-cars/land-rover/range-rover-evoque/DUX3587
10,https://www.sbtjapan.com/dealers-cars/land-rover/range-rover-evoque/DXM8652
11,https://www.sbtjapan.com/dealers-cars/land-rover/range-rover-evoque/DUL5244
12,https://www.sbtjapan.com/dealers-cars/land-rover/range-rover-evoque/DMD3244
13,https://www.sbtjapan.com/dealers-cars/land-rover/range-rover-evoque/DYB7554
14,https://www.sbtjapan.com/dealers-cars/land-rover/range-rover-evoque/DTS5856
15,https://www.sbtjapan.com/dealers-cars/land-rover/range-rover-evoque/DUL3888
16,https://www.sbtjapan.com/dealers-cars/land-rover/range-rover-evoque/DAA8397
17,https://www.sbtjapan.com/dealers-cars/land-rover/range-rover-evoque/DEU7985
18,https://www.sbtjapan.com/dealers-cars/land-rover/range-rover-evoque/DTU5637
19,https://www.sbtjapan.com/dealers-cars/land-rover/range-rover-evoque/DSH4825
20,https://www.sbtjapan.com/dealers-cars/land-rover/range-rover-evoque/DKU9857
21,https://www.sbtjapan.com/dealers-cars/land-rover/range-rover-evoque/DHD9282
22,https://www.sbtjapan.com/dealers-cars/land-rover/range-rover-evoque/DZC5434
23,https://www.sbtjapan.com/dealers-cars/land-rover/range-rover-evoque/DXG4657
24,https://www.sbtjapan.com/dealers-cars/land-rover/range-rover-evoque/DTQ8668
25,https://www.sbtjapan.com/dealers-cars/land-rover/range-rover-evoque/DPA9548
26,https://www.sbtjapan.com/dealers-cars/land-rover/range-rover-evoque/DDN5733
27,https://www.sbtjapan.com/dealers-cars/land-rover/range-rover-evoque/DDY3955
28,https://www.sbtjapan.com/dealers-cars/land-rover/range-rover-evoque/DKV6996
29,https://www.sbtjapan.com/dealers-cars/land-rover/range-rover-evoque/DHN8879
30,https://www.sbtjapan.com/dealers-cars/land-rover/range-rover-evoque/DBK6985
31,https://www.sbtjapan.com/dealers-cars/land-rover/range-rover-evoque/DMS2649
32,https://www.sbtjapan.com/dealers-cars/land-rover/range-rover-evoque/DTX7757
33,https://www.sbtjapan.com/dealers-cars/land-rover/range-rover-evoque/DJA8666
34,https://www.sbtjapan.com/dealers-cars/land-rover/range-rover-evoque/DGG3464
35,https://www.sbtjapan.com/dealers-cars/land-rover/range-rover-evoque/DKD2975
36,https://www.sbtjapan.com/dealers-cars/land-rover/range-rover-evoque/DJN3259
37,https://www.sbtjapan.com/dealers-cars/land-rover/range-rover-evoque/DAC7268
38,https://www.sbtjapan.com/dealers-cars/land-rover/range-rover-evoque/DKX4697
,RANGE ROVER EVOQUE CONVERTIBLE(2)
0,https://www.sbtjapan.com/dealers-cars/land-rover/range-rover-evoque-convertible/DAV9963
1,https://www.sbtjapan.com/dealers-cars/land-rover/range-rover-evoque-convertible/DNY6573
,RANGE ROVER EVOQUE COUPE(5)
0,https://www.sbtjapan.com/dealers-cars/land-rover/range-rover-evoque-coupe/DGB8762
1,https://www.sbtjapan.com/dealers-cars/land-rover/range-rover-evoque-coupe/DGL9328
2,https://www.sbtjapan.com/dealers-cars/land-rover/range-rover-evoque-coupe/DCG6256
3,https://www.sbtjapan.com/dealers-cars/land-rover/range-rover-evoque-coupe/DRZ6595
4,https://www.sbtjapan.com/dealers-cars/land-rover/range-rover-evoque-coupe/DVM5659
,RANGE ROVER SPORT(36)
0,https://www.sbtjapan.com/used-cars/land-rover/range-rover-sport/DE9431
1,https://www.sbtjapan.com/used-cars/land-rover/range-rover-sport/TF3404
2,https://www.sbtjapan.com/used-cars/land-rover/range-rover-sport/YE6506
3,https://www.sbtjapan.com/dealers-cars/land-rover/range-rover-sport/DGU8268
4,https://www.sbtjapan.com/dealers-cars/land-rover/range-rover-sport/DEP5473
5,https://www.sbtjapan.com/dealers-cars/land-rover/range-rover-sport/DCG7566
6,https://www.sbtjapan.com/dealers-cars/land-rover/range-rover-sport/DTC4822
7,https://www.sbtjapan.com/dealers-cars/land-rover/range-rover-sport/DRF7332
8,https://www.sbtjapan.com/dealers-cars/land-rover/range-rover-sport/DUH3582
9,https://www.sbtjapan.com/dealers-cars/land-rover/range-rover-sport/DCZ4837
10,https://www.sbtjapan.com/dealers-cars/land-rover/range-rover-sport/DAA3345
11,https://www.sbtjapan.com/dealers-cars/land-rover/range-rover-sport/DAK5964
12,https://www.sbtjapan.com/dealers-cars/land-rover/range-rover-sport/DSL4276
13,https://www.sbtjapan.com/dealers-cars/land-rover/range-rover-sport/DXV6492
14,https://www.sbtjapan.com/dealers-cars/land-rover/range-rover-sport/DVJ8338
15,https://www.sbtjapan.com/dealers-cars/land-rover/range-rover-sport/DBN3984
16,https://www.sbtjapan.com/dealers-cars/land-rover/range-rover-sport/DCL5234
17,https://www.sbtjapan.com/dealers-cars/land-rover/range-rover-sport/DAG9282
18,https://www.sbtjapan.com/dealers-cars/land-rover/range-rover-sport/DHD9593
19,https://www.sbtjapan.com/dealers-cars/land-rover/range-rover-sport/DUC3362
20,https://www.sbtjapan.com/dealers-cars/land-rover/range-rover-sport/DBH5686
21,https://www.sbtjapan.com/dealers-cars/land-rover/range-rover-sport/DCR6496
22,https://www.sbtjapan.com/dealers-cars/land-rover/range-rover-sport/DQQ3593
23,https://www.sbtjapan.com/dealers-cars/land-rover/range-rover-sport/DHD2495
24,https://www.sbtjapan.com/dealers-cars/land-rover/range-rover-sport/DYZ6255
25,https://www.sbtjapan.com/dealers-cars/land-rover/range-rover-sport/DUZ5697
26,https://www.sbtjapan.com/dealers-cars/land-rover/range-rover-sport/DGM2492
27,https://www.sbtjapan.com/dealers-cars/land-rover/range-rover-sport/DFE9658
28,https://www.sbtjapan.com/dealers-cars/land-rover/range-rover-sport/DWH4558
29,https://www.sbtjapan.com/dealers-cars/land-rover/range-rover-sport/DCB6848
30,https://www.sbtjapan.com/dealers-cars/land-rover/range-rover-sport/DET9798
31,https://www.sbtjapan.com/dealers-cars/land-rover/range-rover-sport/DJD3696
32,https://www.sbtjapan.com/dealers-cars/land-rover/range-rover-sport/DCT4745
33,https://www.sbtjapan.com/dealers-cars/land-rover/range-rover-sport/DYL2955
,RANGE ROVER VELAR(4)
0,https://www.sbtjapan.com/dealers-cars/land-rover/range-rover-velar/DZL3794
1,https://www.sbtjapan.com/dealers-cars/land-rover/range-rover-velar/DBQ3228
2,https://www.sbtjapan.com/dealers-cars/land-rover/range-rover-velar/DRB6347
3,https://www.sbtjapan.com/dealers-cars/land-rover/range-rover-velar/DVX2463
,RANGE ROVER VOGUE(3)
0,https://www.sbtjapan.com/used-cars/land-rover/range-rover-vogue/BW3629
1,https://www.sbtjapan.com/dealers-cars/land-rover/range-rover-vogue/DVN3284
2,https://www.sbtjapan.com/dealers-cars/land-rover/range-rover-vogue/DQP6293
