,CT(51)
0,https://www.sbtjapan.com/dealers-cars/lexus/ct/DGS8296
1,https://www.sbtjapan.com/dealers-cars/lexus/ct/DXZ3366
2,https://www.sbtjapan.com/dealers-cars/lexus/ct/DKS4753
3,https://www.sbtjapan.com/dealers-cars/lexus/ct/DZE8334
4,https://www.sbtjapan.com/dealers-cars/lexus/ct/DWM9863
5,https://www.sbtjapan.com/dealers-cars/lexus/ct/DPN5589
6,https://www.sbtjapan.com/dealers-cars/lexus/ct/DSG3863
7,https://www.sbtjapan.com/dealers-cars/lexus/ct/DFZ3983
8,https://www.sbtjapan.com/dealers-cars/lexus/ct/DNC4597
9,https://www.sbtjapan.com/dealers-cars/lexus/ct/DPD8835
10,https://www.sbtjapan.com/dealers-cars/lexus/ct/DLA9622
11,https://www.sbtjapan.com/dealers-cars/lexus/ct/DKB3266
12,https://www.sbtjapan.com/dealers-cars/lexus/ct/DHZ4238
13,https://www.sbtjapan.com/dealers-cars/lexus/ct/DRL7495
14,https://www.sbtjapan.com/dealers-cars/lexus/ct/DGC3352
15,https://www.sbtjapan.com/dealers-cars/lexus/ct/DBK3247
16,https://www.sbtjapan.com/dealers-cars/lexus/ct/DEX4948
17,https://www.sbtjapan.com/dealers-cars/lexus/ct/DAV7937
18,https://www.sbtjapan.com/dealers-cars/lexus/ct/DNJ3558
19,https://www.sbtjapan.com/dealers-cars/lexus/ct/DDZ7852
20,https://www.sbtjapan.com/dealers-cars/lexus/ct/DWN4378
21,https://www.sbtjapan.com/dealers-cars/lexus/ct/DVU2978
22,https://www.sbtjapan.com/dealers-cars/lexus/ct/DMS7763
23,https://www.sbtjapan.com/dealers-cars/lexus/ct/DEZ9298
24,https://www.sbtjapan.com/dealers-cars/lexus/ct/DCF5497
25,https://www.sbtjapan.com/dealers-cars/lexus/ct/DJM2554
26,https://www.sbtjapan.com/dealers-cars/lexus/ct/DUF6889
27,https://www.sbtjapan.com/dealers-cars/lexus/ct/DUC2756
28,https://www.sbtjapan.com/dealers-cars/lexus/ct/DJV5832
29,https://www.sbtjapan.com/dealers-cars/lexus/ct/DXS3673
30,https://www.sbtjapan.com/dealers-cars/lexus/ct/DFD2855
31,https://www.sbtjapan.com/dealers-cars/lexus/ct/DXE6634
32,https://www.sbtjapan.com/dealers-cars/lexus/ct/DVN6864
33,https://www.sbtjapan.com/dealers-cars/lexus/ct/DXD6723
34,https://www.sbtjapan.com/dealers-cars/lexus/ct/DJG4278
35,https://www.sbtjapan.com/dealers-cars/lexus/ct/DQW9672
36,https://www.sbtjapan.com/dealers-cars/lexus/ct/DJU2257
37,https://www.sbtjapan.com/dealers-cars/lexus/ct/DXM7369
38,https://www.sbtjapan.com/dealers-cars/lexus/ct/DZM9958
39,https://www.sbtjapan.com/dealers-cars/lexus/ct/DLD3525
40,https://www.sbtjapan.com/dealers-cars/lexus/ct/DXK5278
41,https://www.sbtjapan.com/dealers-cars/lexus/ct/DLJ8247
42,https://www.sbtjapan.com/dealers-cars/lexus/ct/DNQ8999
43,https://www.sbtjapan.com/dealers-cars/lexus/ct/DZD2996
44,https://www.sbtjapan.com/dealers-cars/lexus/ct/DJA6957
45,https://www.sbtjapan.com/dealers-cars/lexus/ct/DEL4583
46,https://www.sbtjapan.com/dealers-cars/lexus/ct/DBH5269
47,https://www.sbtjapan.com/dealers-cars/lexus/ct/DFF9488
48,https://www.sbtjapan.com/dealers-cars/lexus/ct/DQK3788
49,https://www.sbtjapan.com/dealers-cars/lexus/ct/DHH6597
50,https://www.sbtjapan.com/dealers-cars/lexus/ct/DVJ6247
,CT200H(6)
0,https://www.sbtjapan.com/dealers-cars/lexus/ct200h/DCA8447
1,https://www.sbtjapan.com/dealers-cars/lexus/ct200h/DGH6494
2,https://www.sbtjapan.com/dealers-cars/lexus/ct200h/DGM7297
3,https://www.sbtjapan.com/dealers-cars/lexus/ct200h/DXX9993
4,https://www.sbtjapan.com/dealers-cars/lexus/ct200h/DRG7694
5,https://www.sbtjapan.com/dealers-cars/lexus/ct200h/DQW5243
,ES(31)
0,https://www.sbtjapan.com/dealers-cars/lexus/es/DCB8859
1,https://www.sbtjapan.com/dealers-cars/lexus/es/DUG7923
2,https://www.sbtjapan.com/dealers-cars/lexus/es/DLC8688
3,https://www.sbtjapan.com/dealers-cars/lexus/es/DDG4859
4,https://www.sbtjapan.com/dealers-cars/lexus/es/DJL7487
5,https://www.sbtjapan.com/dealers-cars/lexus/es/DLU2872
6,https://www.sbtjapan.com/dealers-cars/lexus/es/DYA2384
7,https://www.sbtjapan.com/dealers-cars/lexus/es/DNX3636
8,https://www.sbtjapan.com/dealers-cars/lexus/es/DYG6687
9,https://www.sbtjapan.com/dealers-cars/lexus/es/DQL5553
10,https://www.sbtjapan.com/dealers-cars/lexus/es/DBH7724
11,https://www.sbtjapan.com/dealers-cars/lexus/es/DFJ2223
12,https://www.sbtjapan.com/dealers-cars/lexus/es/DBD4274
13,https://www.sbtjapan.com/dealers-cars/lexus/es/DHP5737
14,https://www.sbtjapan.com/dealers-cars/lexus/es/DAF6222
15,https://www.sbtjapan.com/dealers-cars/lexus/es/DWN5455
16,https://www.sbtjapan.com/dealers-cars/lexus/es/DTM7277
17,https://www.sbtjapan.com/dealers-cars/lexus/es/DZS2892
18,https://www.sbtjapan.com/dealers-cars/lexus/es/DZC6927
19,https://www.sbtjapan.com/dealers-cars/lexus/es/DDC4744
20,https://www.sbtjapan.com/dealers-cars/lexus/es/DQJ2865
21,https://www.sbtjapan.com/dealers-cars/lexus/es/DCV2754
22,https://www.sbtjapan.com/dealers-cars/lexus/es/DXX9962
23,https://www.sbtjapan.com/dealers-cars/lexus/es/DRX2447
24,https://www.sbtjapan.com/dealers-cars/lexus/es/DMT7693
25,https://www.sbtjapan.com/dealers-cars/lexus/es/DKA3865
26,https://www.sbtjapan.com/dealers-cars/lexus/es/DZB5488
27,https://www.sbtjapan.com/dealers-cars/lexus/es/DFX2446
28,https://www.sbtjapan.com/dealers-cars/lexus/es/DXX6285
29,https://www.sbtjapan.com/dealers-cars/lexus/es/DUL2769
30,https://www.sbtjapan.com/dealers-cars/lexus/es/DKY9798
,ES250(3)
0,https://www.sbtjapan.com/dealers-cars/lexus/es250/DCM5496
1,https://www.sbtjapan.com/dealers-cars/lexus/es250/DCY5849
2,https://www.sbtjapan.com/dealers-cars/lexus/es250/DPJ2363
,GS(49)
0,https://www.sbtjapan.com/dealers-cars/lexus/gs/DLQ2567
1,https://www.sbtjapan.com/dealers-cars/lexus/gs/DCT7292
2,https://www.sbtjapan.com/dealers-cars/lexus/gs/DJN7234
3,https://www.sbtjapan.com/dealers-cars/lexus/gs/DKQ8899
4,https://www.sbtjapan.com/dealers-cars/lexus/gs/DJV5939
5,https://www.sbtjapan.com/dealers-cars/lexus/gs/DBM4278
6,https://www.sbtjapan.com/dealers-cars/lexus/gs/DLD4385
7,https://www.sbtjapan.com/dealers-cars/lexus/gs/DMJ9244
8,https://www.sbtjapan.com/dealers-cars/lexus/gs/DDT5889
9,https://www.sbtjapan.com/dealers-cars/lexus/gs/DJP6282
10,https://www.sbtjapan.com/dealers-cars/lexus/gs/DNL8725
11,https://www.sbtjapan.com/dealers-cars/lexus/gs/DTX7765
12,https://www.sbtjapan.com/dealers-cars/lexus/gs/DVV3364
13,https://www.sbtjapan.com/dealers-cars/lexus/gs/DMC5448
14,https://www.sbtjapan.com/dealers-cars/lexus/gs/DSA5323
15,https://www.sbtjapan.com/dealers-cars/lexus/gs/DAV8933
16,https://www.sbtjapan.com/dealers-cars/lexus/gs/DQK7325
17,https://www.sbtjapan.com/dealers-cars/lexus/gs/DKK6565
18,https://www.sbtjapan.com/dealers-cars/lexus/gs/DJJ8636
19,https://www.sbtjapan.com/dealers-cars/lexus/gs/DZK4593
20,https://www.sbtjapan.com/dealers-cars/lexus/gs/DVQ2246
21,https://www.sbtjapan.com/dealers-cars/lexus/gs/DNS8438
22,https://www.sbtjapan.com/dealers-cars/lexus/gs/DGJ8554
23,https://www.sbtjapan.com/dealers-cars/lexus/gs/DMS9672
24,https://www.sbtjapan.com/dealers-cars/lexus/gs/DGT5335
25,https://www.sbtjapan.com/dealers-cars/lexus/gs/DNN6447
26,https://www.sbtjapan.com/dealers-cars/lexus/gs/DZM8265
27,https://www.sbtjapan.com/dealers-cars/lexus/gs/DQQ4446
28,https://www.sbtjapan.com/dealers-cars/lexus/gs/DMF8968
29,https://www.sbtjapan.com/dealers-cars/lexus/gs/DRG7327
30,https://www.sbtjapan.com/dealers-cars/lexus/gs/DFV9676
31,https://www.sbtjapan.com/dealers-cars/lexus/gs/DPB5985
32,https://www.sbtjapan.com/dealers-cars/lexus/gs/DWV4338
33,https://www.sbtjapan.com/dealers-cars/lexus/gs/DDJ6679
34,https://www.sbtjapan.com/dealers-cars/lexus/gs/DBY3698
35,https://www.sbtjapan.com/dealers-cars/lexus/gs/DLC2835
36,https://www.sbtjapan.com/dealers-cars/lexus/gs/DQF4386
37,https://www.sbtjapan.com/dealers-cars/lexus/gs/DJG9736
38,https://www.sbtjapan.com/dealers-cars/lexus/gs/DTR5552
39,https://www.sbtjapan.com/dealers-cars/lexus/gs/DPU9387
40,https://www.sbtjapan.com/dealers-cars/lexus/gs/DBW7654
41,https://www.sbtjapan.com/dealers-cars/lexus/gs/DDW6328
42,https://www.sbtjapan.com/dealers-cars/lexus/gs/DNZ8929
43,https://www.sbtjapan.com/dealers-cars/lexus/gs/DJL3962
44,https://www.sbtjapan.com/dealers-cars/lexus/gs/DRL3525
45,https://www.sbtjapan.com/dealers-cars/lexus/gs/DGL6873
46,https://www.sbtjapan.com/dealers-cars/lexus/gs/DFN3694
47,https://www.sbtjapan.com/dealers-cars/lexus/gs/DXH5352
,GS350(3)
0,https://www.sbtjapan.com/used-cars/lexus/gs350/CA1760
1,https://www.sbtjapan.com/dealers-cars/lexus/gs350/DYQ8233
2,https://www.sbtjapan.com/dealers-cars/lexus/gs350/DTV3734
,GS430(1)
0,https://www.sbtjapan.com/dealers-cars/lexus/gs430/DKE5635
,GS450H(9)
0,https://www.sbtjapan.com/used-cars/lexus/gs450h/JQ8198
1,https://www.sbtjapan.com/used-cars/lexus/gs450h/CP7631
2,https://www.sbtjapan.com/used-cars/lexus/gs450h/LE1142
3,https://www.sbtjapan.com/used-cars/lexus/gs450h/BE4170
4,https://www.sbtjapan.com/used-cars/lexus/gs450h/LY6612
5,https://www.sbtjapan.com/used-cars/lexus/gs450h/NI4788
6,https://www.sbtjapan.com/dealers-cars/lexus/gs450h/DEE7359
7,https://www.sbtjapan.com/dealers-cars/lexus/gs450h/DRC8222
8,https://www.sbtjapan.com/dealers-cars/lexus/gs450h/DEK7988
,GX460(2)
0,https://www.sbtjapan.com/dealers-cars/lexus/gx460/DJQ4432
1,https://www.sbtjapan.com/dealers-cars/lexus/gx460/DCA8276
,GX470(1)
0,https://www.sbtjapan.com/dealers-cars/lexus/gx470/DYA8347
,HS(30)
0,https://www.sbtjapan.com/dealers-cars/lexus/hs/DND6599
1,https://www.sbtjapan.com/dealers-cars/lexus/hs/DFB8438
2,https://www.sbtjapan.com/dealers-cars/lexus/hs/DUX4693
3,https://www.sbtjapan.com/dealers-cars/lexus/hs/DWN4574
4,https://www.sbtjapan.com/dealers-cars/lexus/hs/DXX3892
5,https://www.sbtjapan.com/dealers-cars/lexus/hs/DWJ9457
6,https://www.sbtjapan.com/dealers-cars/lexus/hs/DWD8493
7,https://www.sbtjapan.com/dealers-cars/lexus/hs/DUG9433
8,https://www.sbtjapan.com/dealers-cars/lexus/hs/DXZ5639
9,https://www.sbtjapan.com/dealers-cars/lexus/hs/DJV8953
10,https://www.sbtjapan.com/dealers-cars/lexus/hs/DZX2947
11,https://www.sbtjapan.com/dealers-cars/lexus/hs/DJU5964
12,https://www.sbtjapan.com/dealers-cars/lexus/hs/DKC4524
13,https://www.sbtjapan.com/dealers-cars/lexus/hs/DXQ9232
14,https://www.sbtjapan.com/dealers-cars/lexus/hs/DHR8994
15,https://www.sbtjapan.com/dealers-cars/lexus/hs/DKZ4835
16,https://www.sbtjapan.com/dealers-cars/lexus/hs/DFB6449
17,https://www.sbtjapan.com/dealers-cars/lexus/hs/DCT2388
18,https://www.sbtjapan.com/dealers-cars/lexus/hs/DGS3672
19,https://www.sbtjapan.com/dealers-cars/lexus/hs/DBL3644
20,https://www.sbtjapan.com/dealers-cars/lexus/hs/DQD7859
21,https://www.sbtjapan.com/dealers-cars/lexus/hs/DEK2743
22,https://www.sbtjapan.com/dealers-cars/lexus/hs/DYA3582
23,https://www.sbtjapan.com/dealers-cars/lexus/hs/DTA2435
24,https://www.sbtjapan.com/dealers-cars/lexus/hs/DEQ9839
25,https://www.sbtjapan.com/dealers-cars/lexus/hs/DSX2868
26,https://www.sbtjapan.com/dealers-cars/lexus/hs/DLX7765
27,https://www.sbtjapan.com/dealers-cars/lexus/hs/DPV7765
28,https://www.sbtjapan.com/dealers-cars/lexus/hs/DSA2947
29,https://www.sbtjapan.com/dealers-cars/lexus/hs/DKC5468
,IS(73)
0,https://www.sbtjapan.com/used-cars/lexus/is/UH5578
1,https://www.sbtjapan.com/used-cars/lexus/is/TO5397
2,https://www.sbtjapan.com/used-cars/lexus/is/DV6188
3,https://www.sbtjapan.com/used-cars/lexus/is/ND8144
4,https://www.sbtjapan.com/used-cars/lexus/is/IJ7741
5,https://www.sbtjapan.com/used-cars/lexus/is/BS7056
6,https://www.sbtjapan.com/used-cars/lexus/is/BL9600
7,https://www.sbtjapan.com/used-cars/lexus/is/BL5317
8,https://www.sbtjapan.com/used-cars/lexus/is/FQ6769
9,https://www.sbtjapan.com/used-cars/lexus/is/LJ6063
10,https://www.sbtjapan.com/used-cars/lexus/is/YU6091
11,https://www.sbtjapan.com/used-cars/lexus/is/JG3041
12,https://www.sbtjapan.com/used-cars/lexus/is/IA4930
13,https://www.sbtjapan.com/dealers-cars/lexus/is/DGG6455
14,https://www.sbtjapan.com/dealers-cars/lexus/is/DNT4653
15,https://www.sbtjapan.com/dealers-cars/lexus/is/DEG7639
16,https://www.sbtjapan.com/dealers-cars/lexus/is/DZX9465
17,https://www.sbtjapan.com/dealers-cars/lexus/is/DHN2943
18,https://www.sbtjapan.com/dealers-cars/lexus/is/DQL6246
19,https://www.sbtjapan.com/dealers-cars/lexus/is/DGC6239
20,https://www.sbtjapan.com/dealers-cars/lexus/is/DPA2756
21,https://www.sbtjapan.com/dealers-cars/lexus/is/DNN3823
22,https://www.sbtjapan.com/dealers-cars/lexus/is/DVU4369
23,https://www.sbtjapan.com/dealers-cars/lexus/is/DTD3365
24,https://www.sbtjapan.com/dealers-cars/lexus/is/DDX5987
25,https://www.sbtjapan.com/dealers-cars/lexus/is/DZV4976
26,https://www.sbtjapan.com/dealers-cars/lexus/is/DFN5685
27,https://www.sbtjapan.com/dealers-cars/lexus/is/DQL2929
28,https://www.sbtjapan.com/dealers-cars/lexus/is/DPB9657
29,https://www.sbtjapan.com/dealers-cars/lexus/is/DYX9987
30,https://www.sbtjapan.com/dealers-cars/lexus/is/DDR6348
31,https://www.sbtjapan.com/dealers-cars/lexus/is/DYA5427
32,https://www.sbtjapan.com/dealers-cars/lexus/is/DVY6285
33,https://www.sbtjapan.com/dealers-cars/lexus/is/DJA7254
34,https://www.sbtjapan.com/dealers-cars/lexus/is/DNW8922
35,https://www.sbtjapan.com/dealers-cars/lexus/is/DRC2437
36,https://www.sbtjapan.com/dealers-cars/lexus/is/DUA3697
37,https://www.sbtjapan.com/dealers-cars/lexus/is/DDJ7486
38,https://www.sbtjapan.com/dealers-cars/lexus/is/DWF8769
39,https://www.sbtjapan.com/dealers-cars/lexus/is/DJB7895
40,https://www.sbtjapan.com/dealers-cars/lexus/is/DLR6548
41,https://www.sbtjapan.com/dealers-cars/lexus/is/DPT3499
42,https://www.sbtjapan.com/dealers-cars/lexus/is/DWK3562
43,https://www.sbtjapan.com/dealers-cars/lexus/is/DFE2237
44,https://www.sbtjapan.com/dealers-cars/lexus/is/DTX6825
45,https://www.sbtjapan.com/dealers-cars/lexus/is/DEW5897
46,https://www.sbtjapan.com/dealers-cars/lexus/is/DML7323
47,https://www.sbtjapan.com/dealers-cars/lexus/is/DBL6566
48,https://www.sbtjapan.com/dealers-cars/lexus/is/DXV9469
49,https://www.sbtjapan.com/dealers-cars/lexus/is/DDR2592
50,https://www.sbtjapan.com/dealers-cars/lexus/is/DGV8377
51,https://www.sbtjapan.com/dealers-cars/lexus/is/DJB3976
52,https://www.sbtjapan.com/dealers-cars/lexus/is/DZF2625
53,https://www.sbtjapan.com/dealers-cars/lexus/is/DUP9463
54,https://www.sbtjapan.com/dealers-cars/lexus/is/DXD2274
55,https://www.sbtjapan.com/dealers-cars/lexus/is/DTY2235
56,https://www.sbtjapan.com/dealers-cars/lexus/is/DKR3385
57,https://www.sbtjapan.com/dealers-cars/lexus/is/DJD6253
58,https://www.sbtjapan.com/dealers-cars/lexus/is/DZK6735
59,https://www.sbtjapan.com/dealers-cars/lexus/is/DJW5448
60,https://www.sbtjapan.com/dealers-cars/lexus/is/DDG5464
61,https://www.sbtjapan.com/dealers-cars/lexus/is/DSR7945
62,https://www.sbtjapan.com/dealers-cars/lexus/is/DWS7975
63,https://www.sbtjapan.com/dealers-cars/lexus/is/DPS8287
64,https://www.sbtjapan.com/dealers-cars/lexus/is/DHE2875
65,https://www.sbtjapan.com/dealers-cars/lexus/is/DLJ5334
66,https://www.sbtjapan.com/dealers-cars/lexus/is/DMN3348
67,https://www.sbtjapan.com/dealers-cars/lexus/is/DUD6294
68,https://www.sbtjapan.com/dealers-cars/lexus/is/DSV7495
69,https://www.sbtjapan.com/dealers-cars/lexus/is/DAP5954
70,https://www.sbtjapan.com/dealers-cars/lexus/is/DQB8484
71,https://www.sbtjapan.com/dealers-cars/lexus/is/DVL2928
72,https://www.sbtjapan.com/used-cars/lexus/is/OJ8003
,IS F(3)
0,https://www.sbtjapan.com/dealers-cars/lexus/is-f/DKY8899
1,https://www.sbtjapan.com/dealers-cars/lexus/is-f/DUL4697
2,https://www.sbtjapan.com/dealers-cars/lexus/is-f/DJP6375
,IS350(9)
0,https://www.sbtjapan.com/used-cars/lexus/is350/CI0417
1,https://www.sbtjapan.com/used-cars/lexus/is350/ZA4547
2,https://www.sbtjapan.com/used-cars/lexus/is350/MF8374
3,https://www.sbtjapan.com/used-cars/lexus/is350/WU3454
4,https://www.sbtjapan.com/used-cars/lexus/is350/JY9843
5,https://www.sbtjapan.com/used-cars/lexus/is350/BP9442
6,https://www.sbtjapan.com/dealers-cars/lexus/is350/DNX7366
7,https://www.sbtjapan.com/used-cars/lexus/is350/UE8991
8,https://www.sbtjapan.com/used-cars/lexus/is350/MC1200
,LC500(6)
0,https://www.sbtjapan.com/dealers-cars/lexus/lc500/DWY8855
1,https://www.sbtjapan.com/dealers-cars/lexus/lc500/DSL2883
2,https://www.sbtjapan.com/dealers-cars/lexus/lc500/DVF2323
3,https://www.sbtjapan.com/dealers-cars/lexus/lc500/DLX3927
4,https://www.sbtjapan.com/dealers-cars/lexus/lc500/DCD7224
5,https://www.sbtjapan.com/dealers-cars/lexus/lc500/DEY8879
,LC500H(1)
0,https://www.sbtjapan.com/dealers-cars/lexus/lc500h/DUN7449
,LS(71)
0,https://www.sbtjapan.com/dealers-cars/lexus/ls/DCY9673
1,https://www.sbtjapan.com/dealers-cars/lexus/ls/DZZ2553
2,https://www.sbtjapan.com/dealers-cars/lexus/ls/DMU3325
3,https://www.sbtjapan.com/dealers-cars/lexus/ls/DPH5496
4,https://www.sbtjapan.com/dealers-cars/lexus/ls/DVC9668
5,https://www.sbtjapan.com/dealers-cars/lexus/ls/DPA7375
6,https://www.sbtjapan.com/dealers-cars/lexus/ls/DXU5827
7,https://www.sbtjapan.com/dealers-cars/lexus/ls/DSP6748
8,https://www.sbtjapan.com/dealers-cars/lexus/ls/DYG2644
9,https://www.sbtjapan.com/dealers-cars/lexus/ls/DTT4356
10,https://www.sbtjapan.com/dealers-cars/lexus/ls/DXX8357
11,https://www.sbtjapan.com/dealers-cars/lexus/ls/DDT4362
12,https://www.sbtjapan.com/dealers-cars/lexus/ls/DSA7445
13,https://www.sbtjapan.com/dealers-cars/lexus/ls/DCU7758
14,https://www.sbtjapan.com/dealers-cars/lexus/ls/DGJ5453
15,https://www.sbtjapan.com/dealers-cars/lexus/ls/DJD2987
16,https://www.sbtjapan.com/dealers-cars/lexus/ls/DSV6222
17,https://www.sbtjapan.com/dealers-cars/lexus/ls/DMX5554
18,https://www.sbtjapan.com/dealers-cars/lexus/ls/DXR5383
19,https://www.sbtjapan.com/dealers-cars/lexus/ls/DJH9256
20,https://www.sbtjapan.com/dealers-cars/lexus/ls/DMB9385
21,https://www.sbtjapan.com/dealers-cars/lexus/ls/DWU2298
22,https://www.sbtjapan.com/dealers-cars/lexus/ls/DHW4645
23,https://www.sbtjapan.com/dealers-cars/lexus/ls/DWK3764
24,https://www.sbtjapan.com/dealers-cars/lexus/ls/DWW9943
25,https://www.sbtjapan.com/dealers-cars/lexus/ls/DJX3479
26,https://www.sbtjapan.com/dealers-cars/lexus/ls/DNV5264
27,https://www.sbtjapan.com/dealers-cars/lexus/ls/DAW7445
28,https://www.sbtjapan.com/dealers-cars/lexus/ls/DFC9948
29,https://www.sbtjapan.com/dealers-cars/lexus/ls/DPD8843
30,https://www.sbtjapan.com/dealers-cars/lexus/ls/DLL2449
31,https://www.sbtjapan.com/dealers-cars/lexus/ls/DPQ5235
32,https://www.sbtjapan.com/dealers-cars/lexus/ls/DLS3672
33,https://www.sbtjapan.com/dealers-cars/lexus/ls/DYH4798
34,https://www.sbtjapan.com/dealers-cars/lexus/ls/DBY7695
35,https://www.sbtjapan.com/dealers-cars/lexus/ls/DXG2853
36,https://www.sbtjapan.com/dealers-cars/lexus/ls/DAX6734
37,https://www.sbtjapan.com/dealers-cars/lexus/ls/DTJ6496
38,https://www.sbtjapan.com/dealers-cars/lexus/ls/DNQ4434
39,https://www.sbtjapan.com/dealers-cars/lexus/ls/DUN7398
40,https://www.sbtjapan.com/dealers-cars/lexus/ls/DQY8858
41,https://www.sbtjapan.com/dealers-cars/lexus/ls/DQH7836
42,https://www.sbtjapan.com/dealers-cars/lexus/ls/DBD9623
43,https://www.sbtjapan.com/dealers-cars/lexus/ls/DQT4927
44,https://www.sbtjapan.com/dealers-cars/lexus/ls/DSN3757
45,https://www.sbtjapan.com/dealers-cars/lexus/ls/DFY7336
46,https://www.sbtjapan.com/dealers-cars/lexus/ls/DVY2536
47,https://www.sbtjapan.com/dealers-cars/lexus/ls/DNB4954
48,https://www.sbtjapan.com/dealers-cars/lexus/ls/DDW6254
49,https://www.sbtjapan.com/dealers-cars/lexus/ls/DCB8276
50,https://www.sbtjapan.com/dealers-cars/lexus/ls/DJY4896
51,https://www.sbtjapan.com/dealers-cars/lexus/ls/DMH2662
52,https://www.sbtjapan.com/dealers-cars/lexus/ls/DTW4553
53,https://www.sbtjapan.com/dealers-cars/lexus/ls/DLN3254
54,https://www.sbtjapan.com/dealers-cars/lexus/ls/DNR2538
55,https://www.sbtjapan.com/dealers-cars/lexus/ls/DRK6964
56,https://www.sbtjapan.com/dealers-cars/lexus/ls/DMG2972
57,https://www.sbtjapan.com/dealers-cars/lexus/ls/DDB8866
58,https://www.sbtjapan.com/dealers-cars/lexus/ls/DHJ3835
59,https://www.sbtjapan.com/dealers-cars/lexus/ls/DVK8835
60,https://www.sbtjapan.com/dealers-cars/lexus/ls/DMN4942
61,https://www.sbtjapan.com/dealers-cars/lexus/ls/DLV9548
62,https://www.sbtjapan.com/dealers-cars/lexus/ls/DJP2692
63,https://www.sbtjapan.com/dealers-cars/lexus/ls/DCP4893
64,https://www.sbtjapan.com/dealers-cars/lexus/ls/DGE2924
65,https://www.sbtjapan.com/dealers-cars/lexus/ls/DFW7652
66,https://www.sbtjapan.com/dealers-cars/lexus/ls/DKM2928
67,https://www.sbtjapan.com/dealers-cars/lexus/ls/DUF9557
68,https://www.sbtjapan.com/dealers-cars/lexus/ls/DGG4223
69,https://www.sbtjapan.com/dealers-cars/lexus/ls/DAP5996
70,https://www.sbtjapan.com/dealers-cars/lexus/ls/DUN5899
,LS430(1)
0,https://www.sbtjapan.com/dealers-cars/lexus/ls430/DRC5884
,LS460(6)
0,https://www.sbtjapan.com/dealers-cars/lexus/ls460/DFS3583
1,https://www.sbtjapan.com/dealers-cars/lexus/ls460/DLE8875
2,https://www.sbtjapan.com/dealers-cars/lexus/ls460/DES6873
3,https://www.sbtjapan.com/dealers-cars/lexus/ls460/DJJ6794
4,https://www.sbtjapan.com/dealers-cars/lexus/ls460/DGS2633
5,https://www.sbtjapan.com/dealers-cars/lexus/ls460/DQP8974
,LS600H(2)
0,https://www.sbtjapan.com/dealers-cars/lexus/ls600h/DXB8763
1,https://www.sbtjapan.com/dealers-cars/lexus/ls600h/DJE5758
,LS600hL(1)
0,https://www.sbtjapan.com/dealers-cars/lexus/ls600hl/DVU9268
,LX(9)
0,https://www.sbtjapan.com/dealers-cars/lexus/lx/DNW7936
1,https://www.sbtjapan.com/dealers-cars/lexus/lx/DBK8633
2,https://www.sbtjapan.com/dealers-cars/lexus/lx/DGM4768
3,https://www.sbtjapan.com/dealers-cars/lexus/lx/DGR7345
4,https://www.sbtjapan.com/dealers-cars/lexus/lx/DCH2629
5,https://www.sbtjapan.com/dealers-cars/lexus/lx/DSS6836
6,https://www.sbtjapan.com/dealers-cars/lexus/lx/DYR9856
7,https://www.sbtjapan.com/dealers-cars/lexus/lx/DZH7593
8,https://www.sbtjapan.com/dealers-cars/lexus/lx/DLQ5693
,LX450(1)
0,https://www.sbtjapan.com/dealers-cars/lexus/lx450/DVV9994
,LX470(1)
0,https://www.sbtjapan.com/dealers-cars/lexus/lx470/DEL2792
,LX570(9)
0,https://www.sbtjapan.com/dealers-cars/lexus/lx570/DXK3358
1,https://www.sbtjapan.com/dealers-cars/lexus/lx570/DTB7678
2,https://www.sbtjapan.com/dealers-cars/lexus/lx570/DSU6572
3,https://www.sbtjapan.com/dealers-cars/lexus/lx570/DQK9338
4,https://www.sbtjapan.com/dealers-cars/lexus/lx570/DVC3589
5,https://www.sbtjapan.com/dealers-cars/lexus/lx570/DVK7737
6,https://www.sbtjapan.com/dealers-cars/lexus/lx570/DXP5964
7,https://www.sbtjapan.com/dealers-cars/lexus/lx570/DVA4766
8,https://www.sbtjapan.com/dealers-cars/lexus/lx570/DAP8384
,NX(70)
0,https://www.sbtjapan.com/dealers-cars/lexus/nx/DUE7364
1,https://www.sbtjapan.com/dealers-cars/lexus/nx/DYD4526
2,https://www.sbtjapan.com/dealers-cars/lexus/nx/DFG8368
3,https://www.sbtjapan.com/dealers-cars/lexus/nx/DNY4984
4,https://www.sbtjapan.com/dealers-cars/lexus/nx/DXD8985
5,https://www.sbtjapan.com/dealers-cars/lexus/nx/DDH5356
6,https://www.sbtjapan.com/dealers-cars/lexus/nx/DXH8947
7,https://www.sbtjapan.com/dealers-cars/lexus/nx/DKQ9556
8,https://www.sbtjapan.com/dealers-cars/lexus/nx/DFV5684
9,https://www.sbtjapan.com/dealers-cars/lexus/nx/DSM5498
10,https://www.sbtjapan.com/dealers-cars/lexus/nx/DTE6278
11,https://www.sbtjapan.com/dealers-cars/lexus/nx/DMZ9777
12,https://www.sbtjapan.com/dealers-cars/lexus/nx/DYW9667
13,https://www.sbtjapan.com/dealers-cars/lexus/nx/DRM5274
14,https://www.sbtjapan.com/dealers-cars/lexus/nx/DKM9437
15,https://www.sbtjapan.com/dealers-cars/lexus/nx/DWH9458
16,https://www.sbtjapan.com/dealers-cars/lexus/nx/DQW7799
17,https://www.sbtjapan.com/dealers-cars/lexus/nx/DXX8666
18,https://www.sbtjapan.com/dealers-cars/lexus/nx/DJW2278
19,https://www.sbtjapan.com/dealers-cars/lexus/nx/DFE9384
20,https://www.sbtjapan.com/dealers-cars/lexus/nx/DGL2698
21,https://www.sbtjapan.com/dealers-cars/lexus/nx/DHU8867
22,https://www.sbtjapan.com/dealers-cars/lexus/nx/DRH4845
23,https://www.sbtjapan.com/dealers-cars/lexus/nx/DNJ7986
24,https://www.sbtjapan.com/dealers-cars/lexus/nx/DRS5228
25,https://www.sbtjapan.com/dealers-cars/lexus/nx/DQR5536
26,https://www.sbtjapan.com/dealers-cars/lexus/nx/DJA5448
27,https://www.sbtjapan.com/dealers-cars/lexus/nx/DRZ8973
28,https://www.sbtjapan.com/dealers-cars/lexus/nx/DDW2543
29,https://www.sbtjapan.com/dealers-cars/lexus/nx/DRF6874
30,https://www.sbtjapan.com/dealers-cars/lexus/nx/DLQ3982
31,https://www.sbtjapan.com/dealers-cars/lexus/nx/DCB4966
32,https://www.sbtjapan.com/dealers-cars/lexus/nx/DGM2964
33,https://www.sbtjapan.com/dealers-cars/lexus/nx/DNG3375
34,https://www.sbtjapan.com/dealers-cars/lexus/nx/DKF5575
35,https://www.sbtjapan.com/dealers-cars/lexus/nx/DXV7555
36,https://www.sbtjapan.com/dealers-cars/lexus/nx/DGC5773
37,https://www.sbtjapan.com/dealers-cars/lexus/nx/DYL2799
38,https://www.sbtjapan.com/dealers-cars/lexus/nx/DZG4528
39,https://www.sbtjapan.com/dealers-cars/lexus/nx/DRS5247
40,https://www.sbtjapan.com/dealers-cars/lexus/nx/DDD8385
41,https://www.sbtjapan.com/dealers-cars/lexus/nx/DDQ6564
42,https://www.sbtjapan.com/dealers-cars/lexus/nx/DRV7995
43,https://www.sbtjapan.com/dealers-cars/lexus/nx/DLH8387
44,https://www.sbtjapan.com/dealers-cars/lexus/nx/DYS8236
45,https://www.sbtjapan.com/dealers-cars/lexus/nx/DVU9333
46,https://www.sbtjapan.com/dealers-cars/lexus/nx/DKL6566
47,https://www.sbtjapan.com/dealers-cars/lexus/nx/DJX8868
48,https://www.sbtjapan.com/dealers-cars/lexus/nx/DZA2492
49,https://www.sbtjapan.com/dealers-cars/lexus/nx/DPA9488
50,https://www.sbtjapan.com/dealers-cars/lexus/nx/DKU2255
51,https://www.sbtjapan.com/dealers-cars/lexus/nx/DVP4285
52,https://www.sbtjapan.com/dealers-cars/lexus/nx/DNB5393
53,https://www.sbtjapan.com/dealers-cars/lexus/nx/DMM9638
54,https://www.sbtjapan.com/dealers-cars/lexus/nx/DPN6796
55,https://www.sbtjapan.com/dealers-cars/lexus/nx/DMR7662
56,https://www.sbtjapan.com/dealers-cars/lexus/nx/DDE7957
57,https://www.sbtjapan.com/dealers-cars/lexus/nx/DER5549
58,https://www.sbtjapan.com/dealers-cars/lexus/nx/DBZ3565
59,https://www.sbtjapan.com/dealers-cars/lexus/nx/DGZ5596
60,https://www.sbtjapan.com/dealers-cars/lexus/nx/DUP9978
61,https://www.sbtjapan.com/dealers-cars/lexus/nx/DHV2835
62,https://www.sbtjapan.com/dealers-cars/lexus/nx/DUP8457
63,https://www.sbtjapan.com/dealers-cars/lexus/nx/DBK3765
64,https://www.sbtjapan.com/dealers-cars/lexus/nx/DKB3826
65,https://www.sbtjapan.com/dealers-cars/lexus/nx/DJG9753
66,https://www.sbtjapan.com/dealers-cars/lexus/nx/DDG7476
67,https://www.sbtjapan.com/dealers-cars/lexus/nx/DGE9347
68,https://www.sbtjapan.com/dealers-cars/lexus/nx/DRT3945
69,https://www.sbtjapan.com/dealers-cars/lexus/nx/DYW3568
,NX200(1)
0,https://www.sbtjapan.com/dealers-cars/lexus/nx200/DZK6583
,NX200t(3)
0,https://www.sbtjapan.com/dealers-cars/lexus/nx200t/DFT6468
1,https://www.sbtjapan.com/dealers-cars/lexus/nx200t/DYJ5468
2,https://www.sbtjapan.com/dealers-cars/lexus/nx200t/DBC4642
,NX300(1)
0,https://www.sbtjapan.com/dealers-cars/lexus/nx300/DYF8856
,NX300H(1)
0,https://www.sbtjapan.com/dealers-cars/lexus/nx300h/DFP9996
,RC(6)
0,https://www.sbtjapan.com/dealers-cars/lexus/rc/DXV3962
1,https://www.sbtjapan.com/dealers-cars/lexus/rc/DCB5393
2,https://www.sbtjapan.com/dealers-cars/lexus/rc/DTN4923
3,https://www.sbtjapan.com/dealers-cars/lexus/rc/DSJ4553
4,https://www.sbtjapan.com/dealers-cars/lexus/rc/DCY9569
5,https://www.sbtjapan.com/dealers-cars/lexus/rc/DDQ6922
,RC F(2)
0,https://www.sbtjapan.com/dealers-cars/lexus/rc-f/DBW3788
1,https://www.sbtjapan.com/dealers-cars/lexus/rc-f/DGC8922
,RX(88)
0,https://www.sbtjapan.com/used-cars/lexus/rx/BD5418
1,https://www.sbtjapan.com/dealers-cars/lexus/rx/DRS7242
2,https://www.sbtjapan.com/dealers-cars/lexus/rx/DAS5892
3,https://www.sbtjapan.com/dealers-cars/lexus/rx/DKZ7526
4,https://www.sbtjapan.com/dealers-cars/lexus/rx/DSY6868
5,https://www.sbtjapan.com/dealers-cars/lexus/rx/DWJ9743
6,https://www.sbtjapan.com/dealers-cars/lexus/rx/DCM3675
7,https://www.sbtjapan.com/dealers-cars/lexus/rx/DMT5849
8,https://www.sbtjapan.com/dealers-cars/lexus/rx/DSF8555
9,https://www.sbtjapan.com/dealers-cars/lexus/rx/DSM9878
10,https://www.sbtjapan.com/dealers-cars/lexus/rx/DUA2424
11,https://www.sbtjapan.com/dealers-cars/lexus/rx/DUR9899
12,https://www.sbtjapan.com/dealers-cars/lexus/rx/DVF4463
13,https://www.sbtjapan.com/dealers-cars/lexus/rx/DXJ8973
14,https://www.sbtjapan.com/dealers-cars/lexus/rx/DLV2597
15,https://www.sbtjapan.com/dealers-cars/lexus/rx/DUL9827
16,https://www.sbtjapan.com/dealers-cars/lexus/rx/DBQ8248
17,https://www.sbtjapan.com/dealers-cars/lexus/rx/DLP7743
18,https://www.sbtjapan.com/dealers-cars/lexus/rx/DEQ8459
19,https://www.sbtjapan.com/dealers-cars/lexus/rx/DFH3323
20,https://www.sbtjapan.com/dealers-cars/lexus/rx/DUH3387
21,https://www.sbtjapan.com/dealers-cars/lexus/rx/DAU8878
22,https://www.sbtjapan.com/dealers-cars/lexus/rx/DDZ8279
23,https://www.sbtjapan.com/dealers-cars/lexus/rx/DKM2799
24,https://www.sbtjapan.com/dealers-cars/lexus/rx/DYW9569
25,https://www.sbtjapan.com/dealers-cars/lexus/rx/DGX8655
26,https://www.sbtjapan.com/dealers-cars/lexus/rx/DNU7369
27,https://www.sbtjapan.com/dealers-cars/lexus/rx/DHF2452
28,https://www.sbtjapan.com/dealers-cars/lexus/rx/DPF3648
29,https://www.sbtjapan.com/dealers-cars/lexus/rx/DWH4442
30,https://www.sbtjapan.com/dealers-cars/lexus/rx/DJS7655
31,https://www.sbtjapan.com/dealers-cars/lexus/rx/DXF9592
32,https://www.sbtjapan.com/dealers-cars/lexus/rx/DPR9872
33,https://www.sbtjapan.com/dealers-cars/lexus/rx/DAM4322
34,https://www.sbtjapan.com/dealers-cars/lexus/rx/DNG8468
35,https://www.sbtjapan.com/dealers-cars/lexus/rx/DZC4673
36,https://www.sbtjapan.com/dealers-cars/lexus/rx/DVK6882
37,https://www.sbtjapan.com/dealers-cars/lexus/rx/DQJ5279
38,https://www.sbtjapan.com/dealers-cars/lexus/rx/DSL7675
39,https://www.sbtjapan.com/dealers-cars/lexus/rx/DBC8686
40,https://www.sbtjapan.com/dealers-cars/lexus/rx/DJH6699
41,https://www.sbtjapan.com/dealers-cars/lexus/rx/DSF6296
42,https://www.sbtjapan.com/dealers-cars/lexus/rx/DFV4667
43,https://www.sbtjapan.com/dealers-cars/lexus/rx/DMQ6633
44,https://www.sbtjapan.com/dealers-cars/lexus/rx/DAE5935
45,https://www.sbtjapan.com/dealers-cars/lexus/rx/DGJ2742
46,https://www.sbtjapan.com/dealers-cars/lexus/rx/DAG8777
47,https://www.sbtjapan.com/dealers-cars/lexus/rx/DKF2279
48,https://www.sbtjapan.com/dealers-cars/lexus/rx/DBY8298
49,https://www.sbtjapan.com/dealers-cars/lexus/rx/DGY8698
50,https://www.sbtjapan.com/dealers-cars/lexus/rx/DDG7697
51,https://www.sbtjapan.com/dealers-cars/lexus/rx/DKJ8994
52,https://www.sbtjapan.com/dealers-cars/lexus/rx/DBR2427
53,https://www.sbtjapan.com/dealers-cars/lexus/rx/DPA7762
54,https://www.sbtjapan.com/dealers-cars/lexus/rx/DCP5976
55,https://www.sbtjapan.com/dealers-cars/lexus/rx/DST9857
56,https://www.sbtjapan.com/dealers-cars/lexus/rx/DTG8264
57,https://www.sbtjapan.com/dealers-cars/lexus/rx/DMA9569
58,https://www.sbtjapan.com/dealers-cars/lexus/rx/DZT3872
59,https://www.sbtjapan.com/dealers-cars/lexus/rx/DCS9834
60,https://www.sbtjapan.com/dealers-cars/lexus/rx/DXK9725
61,https://www.sbtjapan.com/dealers-cars/lexus/rx/DQN2968
62,https://www.sbtjapan.com/dealers-cars/lexus/rx/DUY7439
63,https://www.sbtjapan.com/dealers-cars/lexus/rx/DML2298
64,https://www.sbtjapan.com/dealers-cars/lexus/rx/DVU7488
65,https://www.sbtjapan.com/dealers-cars/lexus/rx/DXP5262
66,https://www.sbtjapan.com/dealers-cars/lexus/rx/DXP5663
67,https://www.sbtjapan.com/dealers-cars/lexus/rx/DZV6779
68,https://www.sbtjapan.com/dealers-cars/lexus/rx/DAD6765
69,https://www.sbtjapan.com/dealers-cars/lexus/rx/DGU7743
70,https://www.sbtjapan.com/dealers-cars/lexus/rx/DDZ7859
71,https://www.sbtjapan.com/dealers-cars/lexus/rx/DRS3566
72,https://www.sbtjapan.com/dealers-cars/lexus/rx/DDS9747
73,https://www.sbtjapan.com/dealers-cars/lexus/rx/DNP9999
74,https://www.sbtjapan.com/dealers-cars/lexus/rx/DUV4825
75,https://www.sbtjapan.com/dealers-cars/lexus/rx/DMB8763
76,https://www.sbtjapan.com/dealers-cars/lexus/rx/DGZ4964
77,https://www.sbtjapan.com/dealers-cars/lexus/rx/DRS3732
78,https://www.sbtjapan.com/dealers-cars/lexus/rx/DQW4684
79,https://www.sbtjapan.com/dealers-cars/lexus/rx/DXR5676
80,https://www.sbtjapan.com/dealers-cars/lexus/rx/DMH9297
81,https://www.sbtjapan.com/dealers-cars/lexus/rx/DEJ2525
82,https://www.sbtjapan.com/dealers-cars/lexus/rx/DQM8724
83,https://www.sbtjapan.com/dealers-cars/lexus/rx/DCZ8849
84,https://www.sbtjapan.com/dealers-cars/lexus/rx/DDK5879
85,https://www.sbtjapan.com/dealers-cars/lexus/rx/DEZ5648
86,https://www.sbtjapan.com/dealers-cars/lexus/rx/DDM6596
87,https://www.sbtjapan.com/dealers-cars/lexus/rx/DRT5529
,RX270(6)
0,https://www.sbtjapan.com/dealers-cars/lexus/rx270/DHG2856
1,https://www.sbtjapan.com/dealers-cars/lexus/rx270/DXQ2525
2,https://www.sbtjapan.com/dealers-cars/lexus/rx270/DMS5748
3,https://www.sbtjapan.com/dealers-cars/lexus/rx270/DFH6337
4,https://www.sbtjapan.com/dealers-cars/lexus/rx270/DAA6869
5,https://www.sbtjapan.com/dealers-cars/lexus/rx270/DVY5445
,RX300(3)
0,https://www.sbtjapan.com/dealers-cars/lexus/rx300/DBR4434
1,https://www.sbtjapan.com/dealers-cars/lexus/rx300/DVE3942
2,https://www.sbtjapan.com/dealers-cars/lexus/rx300/DTT8882
,RX330(3)
0,https://www.sbtjapan.com/dealers-cars/lexus/rx330/DGR3663
1,https://www.sbtjapan.com/dealers-cars/lexus/rx330/DPM2549
2,https://www.sbtjapan.com/dealers-cars/lexus/rx330/DRW5455
,RX350(2)
0,https://www.sbtjapan.com/dealers-cars/lexus/rx350/DBE2456
1,https://www.sbtjapan.com/dealers-cars/lexus/rx350/DVD7735
,RX400H(3)
0,https://www.sbtjapan.com/dealers-cars/lexus/rx400h/DKU3877
1,https://www.sbtjapan.com/dealers-cars/lexus/rx400h/DFQ5634
2,https://www.sbtjapan.com/dealers-cars/lexus/rx400h/DMM9782
,RX450H(3)
0,https://www.sbtjapan.com/dealers-cars/lexus/rx450h/DYQ9653
1,https://www.sbtjapan.com/dealers-cars/lexus/rx450h/DRJ4657
2,https://www.sbtjapan.com/dealers-cars/lexus/rx450h/DLS6267
,SC430(6)
0,https://www.sbtjapan.com/dealers-cars/lexus/sc430/DWD6534
1,https://www.sbtjapan.com/dealers-cars/lexus/sc430/DZK3544
2,https://www.sbtjapan.com/dealers-cars/lexus/sc430/DRW4452
3,https://www.sbtjapan.com/dealers-cars/lexus/sc430/DLV9727
4,https://www.sbtjapan.com/dealers-cars/lexus/sc430/DLF7297
5,https://www.sbtjapan.com/dealers-cars/lexus/sc430/DRH3266
,UX(4)
0,https://www.sbtjapan.com/dealers-cars/lexus/ux/DMM9296
1,https://www.sbtjapan.com/dealers-cars/lexus/ux/DSH2988
2,https://www.sbtjapan.com/dealers-cars/lexus/ux/DGH3448
3,https://www.sbtjapan.com/dealers-cars/lexus/ux/DES8955
