,image,name,price
0,https://inkmesilly.com/wp-content/uploads/2019/10/I-Need-My-Space-For-Apple-iPhone-11-Pro-Max-247x357.jpg,I Need My Space For Apple iPhone 11 Pro Max,₹99
1,https://inkmesilly.com/wp-content/uploads/2019/12/Xoxo-For-Apple-iPhone-11-Pro-Max-247x357.jpg,Xoxo For Apple iPhone 11 Pro Max,₹99
2,https://inkmesilly.com/wp-content/uploads/2019/12/Girl-Boss-For-Apple-iPhone-11-Pro-Max-247x357.jpg,Girl Boss For Apple iPhone 11 Pro Max,₹99
3,https://inkmesilly.com/wp-content/uploads/2019/10/Heart-Shaped-Petals-For-Apple-iPhone-11-Pro-Max-247x357.jpg,Heart Shaped Petals For Apple iPhone 11 Pro Max,₹99
4,https://inkmesilly.com/wp-content/uploads/2019/10/Hand-drawn-Aztec-For-Apple-iPhone-11-Pro-Max-247x357.jpg,Hand drawn Aztec For Apple iPhone 11 Pro Max,₹99
5,https://inkmesilly.com/wp-content/uploads/2019/10/Full-moon-Climb-For-Apple-iPhone-11-Pro-Max-247x357.jpg,Full moon Climb For Apple iPhone 11 Pro Max,₹99
6,https://inkmesilly.com/wp-content/uploads/2019/10/Surreal-Planet-For-Apple-iPhone-11-Pro-Max-247x357.jpg,Surreal Planet For Apple iPhone 11 Pro Max,₹99
7,https://inkmesilly.com/wp-content/uploads/2019/10/Timber-Pattern-For-Apple-iPhone-11-Pro-Max-247x357.jpg,Timber Pattern For Apple iPhone 11 Pro Max,₹0
8,https://inkmesilly.com/wp-content/uploads/2019/10/Shoe-Flower-For-Apple-iPhone-11-Pro-Max-247x357.jpg,Shoe Flower For Apple iPhone 11 Pro Max,₹99
9,https://inkmesilly.com/wp-content/uploads/2019/10/Say-yes-to-Adventure-For-Apple-iPhone-11-Pro-Max-247x357.jpg,Say yes to Adventure For Apple iPhone 11 Pro Max,₹99
10,https://inkmesilly.com/wp-content/uploads/2019/10/Geometric-Shapes-Matte-Finish-For-Apple-iPhone-11-Pro-Max-247x357.jpg,Geometric Shapes (Matte Finish) For Apple iPhone 11 Pro Max,₹99
11,https://inkmesilly.com/wp-content/uploads/2019/12/Apna-Time-Apun-Laayega-For-Apple-iPhone-11-Pro-Max-247x357.jpg,Apna Time Apun Laayega For Apple iPhone 11 Pro Max,₹99
12,https://inkmesilly.com/wp-content/uploads/2019/12/Stripes-and-Heart-For-Apple-iPhone-11-Pro-Max-247x357.jpg,Stripes and Heart For Apple iPhone 11 Pro Max,₹99
13,https://inkmesilly.com/wp-content/uploads/2019/12/Moon-Balloon-For-Apple-iPhone-11-Pro-Max-247x357.jpg,Moon Balloon For Apple iPhone 11 Pro Max,₹99
14,https://inkmesilly.com/wp-content/uploads/2019/10/Retro-Yellow-For-Apple-iPhone-11-Pro-Max-247x357.jpg,Retro Yellow For Apple iPhone 11 Pro Max,₹99
15,https://inkmesilly.com/wp-content/uploads/2019/10/Pastel-Tribal-For-Apple-iPhone-11-Pro-Max-247x357.jpg,Pastel Tribal For Apple iPhone 11 Pro Max,₹99
16,https://inkmesilly.com/wp-content/uploads/2019/10/Korean-Heart-For-Apple-iPhone-11-Pro-Max-247x357.jpg,Korean Heart For Apple iPhone 11 Pro Max,₹99
17,https://inkmesilly.com/wp-content/uploads/2019/10/Foggy-Rain-Forest-For-Apple-iPhone-11-Pro-Max-247x357.jpg,Foggy Rain Forest For Apple iPhone 11 Pro Max,₹99
18,https://inkmesilly.com/wp-content/uploads/2019/10/Black-Floral-For-Apple-iPhone-11-Pro-Max-247x357.jpg,Black Floral For Apple iPhone 11 Pro Max,₹99
19,https://inkmesilly.com/wp-content/uploads/2019/10/Colorful-Butterfly-Pattern-For-Apple-iPhone-11-Pro-Max-247x357.jpg,Colorful Butterfly Pattern For Apple iPhone 11 Pro Max,₹99
20,https://inkmesilly.com/wp-content/uploads/2019/10/Gold-Black-Flux-Matte-Finish-For-Apple-iPhone-11-Pro-Max-247x357.jpg,Gold & Black Flux (Matte Finish) For Apple iPhone 11 Pro Max,₹0
21,https://inkmesilly.com/wp-content/uploads/2019/10/The-Best-is-Yet-to-Come-For-Apple-iPhone-11-Pro-Max-247x357.jpg,The Best is Yet to Come For Apple iPhone 11 Pro Max,₹99
22,https://inkmesilly.com/wp-content/uploads/2019/10/Stay-Beautiful-For-Apple-iPhone-11-Pro-Max-247x357.jpg,Stay Beautiful For Apple iPhone 11 Pro Max,₹99
23,https://inkmesilly.com/wp-content/uploads/2019/12/Watercolor-Stain-For-Apple-iPhone-11-Pro-Max-247x357.jpg,Watercolor Stain For Apple iPhone 11 Pro Max,₹99
24,https://inkmesilly.com/wp-content/uploads/2019/12/Nap-Queen-For-Apple-iPhone-11-Pro-Max-247x357.jpg,Nap Queen For Apple iPhone 11 Pro Max,₹99
25,https://inkmesilly.com/wp-content/uploads/2019/12/Love-Night-For-Apple-iPhone-11-Pro-Max-247x357.jpg,Love Night For Apple iPhone 11 Pro Max,₹99
26,https://inkmesilly.com/wp-content/uploads/2019/12/Chill-Pill-For-Apple-iPhone-11-Pro-Max-247x357.jpg,Chill Pill For Apple iPhone 11 Pro Max,₹99
27,https://inkmesilly.com/wp-content/uploads/2019/12/Stay-Strong-For-Apple-iPhone-11-Pro-Max-247x357.jpg,Stay Strong For Apple iPhone 11 Pro Max,₹99
28,https://inkmesilly.com/wp-content/uploads/2019/12/Lashes-For-Apple-iPhone-11-Pro-Max-247x357.jpg,Lashes For Apple iPhone 11 Pro Max,₹99
29,https://inkmesilly.com/wp-content/uploads/2019/12/Hustle-For-Apple-iPhone-11-Pro-Max-247x357.jpg,Hustle For Apple iPhone 11 Pro Max,₹99
30,https://inkmesilly.com/wp-content/uploads/2019/12/Prove-Them-Wrong-For-Apple-iPhone-11-Pro-Max-247x357.jpg,Prove Them Wrong For Apple iPhone 11 Pro Max,₹99
31,https://inkmesilly.com/wp-content/uploads/2019/12/I-Dont-Care-For-Apple-iPhone-11-Pro-Max-247x357.jpg,I Dont Care For Apple iPhone 11 Pro Max,₹99
32,https://inkmesilly.com/wp-content/uploads/2019/12/Girl-Gangster-For-Apple-iPhone-11-Pro-Max-247x357.jpg,Girl Gangster For Apple iPhone 11 Pro Max,₹99
33,https://inkmesilly.com/wp-content/uploads/2019/12/Black-and-Pink-Marble-For-Apple-iPhone-11-Pro-Max-247x357.jpg,Black and Pink Marble For Apple iPhone 11 Pro Max,₹0
34,https://inkmesilly.com/wp-content/uploads/2019/12/Messy-Paint-Job-For-Apple-iPhone-11-Pro-Max-247x357.jpg,Messy Paint Job For Apple iPhone 11 Pro Max,₹99
35,https://inkmesilly.com/wp-content/uploads/2019/12/Work-Hard-be-Proud-For-Apple-iPhone-11-Pro-Max-247x357.jpg,Work Hard be Proud For Apple iPhone 11 Pro Max,₹99
36,https://inkmesilly.com/wp-content/uploads/2019/12/Teri-Yaari-Sabse-Pyaari-For-Apple-iPhone-11-Pro-Max-247x357.jpg,Teri Yaari Sabse Pyaari For Apple iPhone 11 Pro Max,₹99
37,https://inkmesilly.com/wp-content/uploads/2019/12/Flag-on-the-Moon-For-Apple-iPhone-11-Pro-Max-247x357.jpg,Flag on the Moon For Apple iPhone 11 Pro Max,₹99
38,https://inkmesilly.com/wp-content/uploads/2019/12/Feather-Blur-For-Apple-iPhone-11-Pro-Max-247x357.jpg,Feather Blur For Apple iPhone 11 Pro Max,₹99
39,https://inkmesilly.com/wp-content/uploads/2019/10/Sea-shells-For-Apple-iPhone-11-Pro-Max-247x357.jpg,Sea shells For Apple iPhone 11 Pro Max,₹99
40,https://inkmesilly.com/wp-content/uploads/2019/10/Petals-and-Flowers-For-Apple-iPhone-11-Pro-Max-247x357.jpg,Petals and Flowers For Apple iPhone 11 Pro Max,₹99
41,https://inkmesilly.com/wp-content/uploads/2019/10/Never-Stop-Exploring-For-Apple-iPhone-11-Pro-Max-247x357.jpg,Never Stop Exploring For Apple iPhone 11 Pro Max,₹99
42,https://inkmesilly.com/wp-content/uploads/2019/10/Jeans-Patches-For-Apple-iPhone-11-Pro-Max-247x357.jpg,Jeans Patches For Apple iPhone 11 Pro Max,₹99
43,https://inkmesilly.com/wp-content/uploads/2019/10/Happy-Tribal-For-Apple-iPhone-11-Pro-Max-247x357.jpg,Happy Tribal For Apple iPhone 11 Pro Max,₹99
44,https://inkmesilly.com/wp-content/uploads/2019/10/Foot-Stones-For-Apple-iPhone-11-Pro-Max-247x357.jpg,Foot Stones For Apple iPhone 11 Pro Max,₹99
45,https://inkmesilly.com/wp-content/uploads/2019/10/Brown-Camouflage-For-Apple-iPhone-11-Pro-Max-247x357.jpg,Brown Camouflage For Apple iPhone 11 Pro Max,₹99
46,https://inkmesilly.com/wp-content/uploads/2019/10/Abstract-Jeans-For-Apple-iPhone-11-Pro-Max-247x357.jpg,Abstract Jeans For Apple iPhone 11 Pro Max,₹0
47,https://inkmesilly.com/wp-content/uploads/2019/10/Bright-Abstract-Water-color-Floral-For-Apple-iPhone-11-Pro-Max-247x357.jpg,Bright Abstract Water color Floral For Apple iPhone 11 Pro Max,₹99
48,https://inkmesilly.com/wp-content/uploads/2019/10/Vintage-Buetterfly-Flowers-For-Apple-iPhone-11-Pro-Max-247x357.jpg,Vintage Buetterfly & Flowers For Apple iPhone 11 Pro Max,₹99
49,https://inkmesilly.com/wp-content/uploads/2019/10/Space-Boy-For-Apple-iPhone-11-Pro-Max-247x357.jpg,Space Boy For Apple iPhone 11 Pro Max,₹99
50,https://inkmesilly.com/wp-content/uploads/2019/10/Abstract-Inked-For-Apple-iPhone-11-Pro-Max-247x357.jpg,Abstract Inked For Apple iPhone 11 Pro Max,₹99
51,https://inkmesilly.com/wp-content/uploads/2019/10/Space-Pattern-Starry-Sky-For-Apple-iPhone-11-Pro-Max-247x357.jpg,Space Pattern Starry Sky For Apple iPhone 11 Pro Max,₹99
52,https://inkmesilly.com/wp-content/uploads/2019/10/Good-Vibes-Only-Matte-Finish-For-Apple-iPhone-11-Pro-Max-247x357.jpg,Good Vibes Only (Matte Finish) For Apple iPhone 11 Pro Max,₹99
53,https://inkmesilly.com/wp-content/uploads/2019/10/Hearts-Colorful-Checked-For-Apple-iPhone-11-Pro-Max-247x357.jpg,Hearts – Colorful Checked For Apple iPhone 11 Pro Max,₹99
54,https://inkmesilly.com/wp-content/uploads/2019/10/Work-Hard-Dream-Big-For-Apple-iPhone-11-Pro-Max-247x357.jpg,Work Hard Dream Big For Apple iPhone 11 Pro Max,₹99
55,https://inkmesilly.com/wp-content/uploads/2019/10/Things-Will-Work-Out-For-Apple-iPhone-11-Pro-Max-247x357.jpg,Things Will Work Out For Apple iPhone 11 Pro Max,₹99
56,https://inkmesilly.com/wp-content/uploads/2019/10/Super-Mom-For-Apple-iPhone-11-Pro-Max-247x357.jpg,Super Mom For Apple iPhone 11 Pro Max,₹99
57,https://inkmesilly.com/wp-content/uploads/2019/10/Dessert-Love-For-Apple-iPhone-11-Pro-Max-247x357.jpg,Dessert Love For Apple iPhone 11 Pro Max,₹99
58,https://inkmesilly.com/wp-content/uploads/2019/12/Woven-Triangle-For-Apple-iPhone-11-Pro-Max-247x357.jpg,Woven Triangle For Apple iPhone 11 Pro Max,₹99
59,https://inkmesilly.com/wp-content/uploads/2019/12/Music-Sounds-Better-with-You-For-Apple-iPhone-11-Pro-Max-247x357.jpg,Music Sounds Better with You For Apple iPhone 11 Pro Max,₹0
60,https://inkmesilly.com/wp-content/uploads/2019/12/Life-is-a-Mixtape-For-Apple-iPhone-11-Pro-Max-247x357.jpg,Life is a Mixtape For Apple iPhone 11 Pro Max,₹99
61,https://inkmesilly.com/wp-content/uploads/2019/12/I-Love-My-Dad-For-Apple-iPhone-11-Pro-Max-247x357.jpg,I Love My Dad For Apple iPhone 11 Pro Max,₹99
62,https://inkmesilly.com/wp-content/uploads/2019/12/Chill-Out-For-Apple-iPhone-11-Pro-Max-247x357.jpg,Chill Out For Apple iPhone 11 Pro Max,₹99
63,https://inkmesilly.com/wp-content/uploads/2019/12/Yaari-Before-Naari-For-Apple-iPhone-11-Pro-Max-247x357.jpg,Yaari Before Naari For Apple iPhone 11 Pro Max,₹99
64,https://inkmesilly.com/wp-content/uploads/2019/12/Terrazzo-For-Apple-iPhone-11-Pro-Max-247x357.jpg,Terrazzo For Apple iPhone 11 Pro Max,₹99
65,https://inkmesilly.com/wp-content/uploads/2019/12/Sarcasm-Queen-For-Apple-iPhone-11-Pro-Max-247x357.jpg,Sarcasm Queen For Apple iPhone 11 Pro Max,₹99
66,https://inkmesilly.com/wp-content/uploads/2019/12/Pineapple-For-Apple-iPhone-11-Pro-Max-247x357.jpg,Pineapple For Apple iPhone 11 Pro Max,₹99
67,https://inkmesilly.com/wp-content/uploads/2019/12/Paint-Bucket-For-Apple-iPhone-11-Pro-Max-247x357.jpg,Paint Bucket For Apple iPhone 11 Pro Max,₹99
68,https://inkmesilly.com/wp-content/uploads/2019/12/No-Bad-Vibes-For-Apple-iPhone-11-Pro-Max-247x357.jpg,No Bad Vibes For Apple iPhone 11 Pro Max,₹99
69,https://inkmesilly.com/wp-content/uploads/2019/12/Marshmello-For-Apple-iPhone-11-Pro-Max-247x357.jpg,Marshmello For Apple iPhone 11 Pro Max,₹99
70,https://inkmesilly.com/wp-content/uploads/2019/12/Make-Yourself-Proud-For-Apple-iPhone-11-Pro-Max-247x357.jpg,Make Yourself Proud For Apple iPhone 11 Pro Max,₹99
71,https://inkmesilly.com/wp-content/uploads/2019/12/Fruit-Paint-For-Apple-iPhone-11-Pro-Max-247x357.jpg,Fruit Paint For Apple iPhone 11 Pro Max,₹99
